timestamp,lux,occupied
2026-09-22T14:26:00,881.67,1
2026-09-22T14:28:00,896.67,1
2026-09-22T14:30:00,854.17,1
2026-09-22T14:32:00,690.83,1
2026-09-22T14:34:00,772.5,1
2026-09-22T14:36:00,819.17,1
2026-09-22T14:38:00,760.83,1
2026-09-22T14:40:00,755.0,1
2026-09-22T14:42:00,826.67,1
2026-09-22T14:44:00,821.67,1
2026-09-22T14:46:00,801.67,1
2026-09-22T14:48:00,834.17,1
2026-09-22T14:50:00,838.33,1
2026-09-22T14:52:00,798.33,1
2026-09-22T14:54:00,760.0,1
2026-09-22T14:56:00,723.33,1
2026-09-22T14:58:00,706.67,1
2026-09-22T15:00:00,710.0,1
2026-09-22T15:02:00,714.17,1
2026-09-22T15:04:00,668.33,1
2026-09-22T15:06:00,660.0,1
2026-09-22T15:08:00,657.5,1
2026-09-22T15:10:00,645.0,1
2026-09-22T15:12:00,637.5,1
2026-09-22T15:14:00,628.33,1
2026-09-22T15:16:00,620.0,1
2026-09-22T15:18:00,611.67,1
2026-09-22T15:20:00,608.33,1
2026-09-22T15:22:00,604.17,1
2026-09-22T15:24:00,597.5,1
2026-09-22T15:26:00,590.0,1
2026-09-22T15:28:00,577.5,1
2026-09-22T15:30:00,573.33,1
2026-09-22T15:32:00,567.5,1
2026-09-22T15:34:00,560.83,1
2026-09-22T15:36:00,556.67,1
2026-09-22T15:38:00,552.5,1
2026-09-22T15:40:00,548.33,1
2026-09-22T15:42:00,545.0,1
2026-09-22T15:44:00,542.5,1
2026-09-22T15:46:00,538.33,1
2026-09-22T15:48:00,535.0,1
2026-09-22T15:50:00,532.5,1
2026-09-22T15:52:00,528.33,1
2026-09-22T15:54:00,525.0,1
2026-09-22T15:56:00,522.5,1
2026-09-22T15:58:00,520.0,1
2026-09-22T16:00:00,517.5,1
2026-09-22T16:02:00,515.0,1
2026-09-22T16:04:00,511.67,1
2026-09-22T16:06:00,510.0,1
2026-09-22T16:08:00,507.5,1
2026-09-22T16:10:00,505.0,1
2026-09-22T16:12:00,501.67,1
2026-09-22T16:14:01,500.0,1
2026-09-22T16:16:01,496.67,1
2026-09-22T16:18:01,488.33,1
2026-09-22T16:20:01,479.17,1
2026-09-22T16:22:01,470.0,1
2026-09-22T16:24:01,466.67,1
2026-09-22T16:26:01,464.17,1
2026-09-22T16:28:01,461.67,1
2026-09-22T16:30:01,460.0,1
2026-09-22T16:32:01,457.5,1
2026-09-22T16:34:01,452.5,1
2026-09-22T16:36:01,445.83,1
2026-09-22T16:38:01,442.5,1
2026-09-22T16:40:01,439.17,1
2026-09-22T16:42:01,436.67,1
2026-09-22T16:44:01,433.33,1
2026-09-22T16:46:01,431.67,1
2026-09-22T16:48:01,429.17,1
2026-09-22T16:50:01,426.67,1
2026-09-22T16:52:01,424.17,1
2026-09-22T16:54:01,421.67,1
2026-09-22T16:56:01,418.33,1
2026-09-22T16:58:01,415.83,1
2026-09-22T17:00:01,412.5,1
2026-09-22T17:02:01,409.17,1
2026-09-22T17:04:01,405.0,1
2026-09-22T17:06:01,400.83,1
2026-09-22T17:08:01,396.67,1
2026-09-22T17:10:01,392.5,1
2026-09-22T17:12:01,387.5,1
2026-09-22T17:14:01,383.33,1
2026-09-22T17:16:01,377.5,1
2026-09-22T17:18:01,373.33,1
2026-09-22T17:20:01,366.67,1
2026-09-22T17:22:01,360.83,1
2026-09-22T17:24:01,354.17,1
2026-09-22T17:26:01,347.5,1
2026-09-22T17:28:01,340.0,1
2026-09-22T17:30:01,332.5,1
2026-09-22T17:32:01,324.17,1
2026-09-22T17:34:01,315.83,1
2026-09-22T17:36:01,306.67,1
2026-09-22T17:38:01,297.5,1
2026-09-22T17:40:01,286.67,1
2026-09-22T17:42:01,275.83,1
2026-09-22T17:44:01,264.17,1
2026-09-22T17:46:01,250.83,1
2026-09-22T17:48:01,237.5,1
2026-09-22T17:50:01,225.0,1
2026-09-22T17:52:01,210.83,1
2026-09-22T17:54:01,195.83,1
2026-09-22T17:56:01,180.0,1
2026-09-22T17:58:01,164.17,1
2026-09-22T18:00:01,149.17,1
2026-09-22T18:02:01,133.33,1
2026-09-22T18:04:01,117.5,1
2026-09-22T18:06:01,102.5,1
2026-09-22T18:08:01,86.67,1
2026-09-22T18:10:01,71.67,1
2026-09-22T18:12:01,59.17,1
2026-09-22T18:14:01,47.5,1
2026-09-22T18:16:01,36.67,1
2026-09-22T18:18:01,27.5,1
2026-09-22T18:20:01,20.0,1
2026-09-22T18:22:01,14.17,1
2026-09-22T18:24:01,9.17,1
2026-09-23T09:22:15,0.0,1
2026-09-23T09:24:15,38913.33,1
2026-09-23T09:26:15,38348.33,1
2026-09-23T09:28:15,39405.83,1
2026-09-23T09:30:15,39825.83,1
2026-09-23T09:32:15,39289.16,1
2026-09-23T09:34:15,36309.16,1
2026-09-23T09:36:15,39406.66,1
2026-09-23T09:38:15,40815.83,1
2026-09-23T09:40:15,-,0
2026-09-23T09:42:15,41998.33,1
2026-09-23T09:44:15,41265.83,1
2026-09-23T09:46:15,41036.66,1
2026-09-23T09:48:15,39398.33,1
2026-09-23T09:50:15,44533.33,1
2026-09-23T09:52:15,41182.5,1
2026-09-23T09:54:15,42143.33,1
2026-09-23T09:56:15,44155.0,1
2026-09-23T09:58:15,44065.83,1
2026-09-23T10:00:15,42353.33,1
2026-09-23T10:02:15,43757.5,1
2026-09-23T10:04:15,44380.0,1
2026-09-23T10:06:15,46732.5,1
2026-09-23T10:08:15,45438.33,1
2026-09-23T10:10:15,47863.33,1
2026-09-23T10:12:15,46719.16,1
2026-09-23T10:14:15,45111.66,1
2026-09-23T10:16:15,48460.83,1
2026-09-23T10:18:16,48268.33,1
2026-09-23T10:20:16,48405.0,1
2026-09-23T10:22:16,45660.0,1
2026-09-23T10:24:16,46785.83,1
2026-09-23T10:26:16,47110.83,1
2026-09-23T10:28:16,49815.0,1
2026-09-23T10:30:16,46865.83,1
2026-09-23T10:32:16,49250.0,1
2026-09-23T10:34:16,49484.16,1
2026-09-23T10:36:16,42508.33,1
2026-09-23T10:38:16,48253.33,1
2026-09-23T10:40:16,48503.33,1
2026-09-23T10:42:16,47776.66,1
2026-09-23T10:44:16,22150.83,1
2026-09-23T10:46:16,2108.33,1
2026-09-23T10:48:16,1954.17,1
2026-09-23T10:50:16,1926.67,1
2026-09-23T10:52:16,1935.83,1
2026-09-23T10:54:16,2016.67,1
2026-09-23T10:56:16,2107.5,1
2026-09-23T10:58:16,2265.0,1
2026-09-23T11:00:16,2333.33,1
2026-09-23T11:02:16,2240.0,1
2026-09-23T11:04:16,2124.17,1
2026-09-23T11:06:16,2007.5,1
2026-09-23T11:08:16,1890.0,1
2026-09-23T11:10:16,1810.0,1
2026-09-23T11:12:16,1773.33,1
2026-09-23T11:14:16,1841.67,1
2026-09-23T11:16:16,1864.17,1
2026-09-23T11:18:16,1763.33,1
2026-09-23T11:20:16,1793.33,1
2026-09-23T11:22:16,1888.33,1
2026-09-23T11:24:16,1703.33,1
2026-09-23T11:26:16,1561.67,1
2026-09-23T11:28:16,1507.5,1
2026-09-23T11:30:16,1454.17,1
2026-09-23T11:32:16,1497.5,1
2026-09-23T11:34:16,1529.17,1
2026-09-23T11:36:16,1526.67,1
2026-09-23T11:38:16,1494.17,1
2026-09-23T11:40:16,1486.67,1
2026-09-23T11:42:16,1456.67,1
2026-09-23T11:44:16,1425.0,1
2026-09-23T11:46:16,1425.83,1
2026-09-23T11:48:16,1392.5,1
2026-09-23T11:50:16,1378.33,1
2026-09-23T11:52:16,1329.17,1
2026-09-23T11:54:16,1319.17,1
2026-09-23T11:56:16,1330.0,1
2026-09-23T11:58:16,1302.5,1
2026-09-23T12:00:16,1297.5,1
2026-09-23T12:02:16,1292.5,1
2026-09-23T12:04:16,1273.33,1
2026-09-23T12:06:16,1258.33,1
2026-09-23T12:08:16,1249.17,1
2026-09-23T12:10:16,1267.5,1
2026-09-23T12:12:16,1226.67,1
2026-09-23T12:14:16,1190.83,1
2026-09-23T12:16:16,1191.67,1
2026-09-23T12:18:16,1181.67,1
2026-09-23T12:20:16,1177.5,1
2026-09-23T12:22:16,1162.5,1
2026-09-23T12:24:16,1160.0,1
2026-09-23T12:26:16,1189.17,1
2026-09-23T12:28:16,1209.17,1
2026-09-23T12:30:16,1230.0,1
2026-09-23T12:32:16,1204.17,1
2026-09-23T12:34:16,1140.83,1
2026-09-23T12:36:16,1104.17,1
2026-09-23T12:38:16,1102.5,1
2026-09-23T12:40:16,1096.67,1
2026-09-23T12:42:16,1098.33,1
2026-09-23T12:44:16,1095.0,1
2026-09-23T12:46:16,1080.0,1
2026-09-23T12:48:16,1070.83,1
2026-09-23T12:50:16,1080.83,1
2026-09-23T12:52:16,1094.17,1
2026-09-23T12:54:16,1108.33,1
2026-09-23T12:56:16,1120.0,1
2026-09-23T12:58:16,1141.67,1
2026-09-23T13:00:16,1153.33,1
2026-09-23T13:02:16,1146.67,1
2026-09-23T13:04:16,1131.67,1
2026-09-23T13:06:16,1118.33,1
2026-09-23T13:08:16,1114.17,1
2026-09-23T13:10:16,1116.67,1
2026-09-23T13:12:16,1110.0,1
2026-09-23T13:14:16,1093.33,1
2026-09-23T13:16:16,1074.17,1
2026-09-23T13:18:16,1107.5,1
2026-09-23T13:20:16,1097.5,1
2026-09-23T13:22:16,1085.0,1
2026-09-23T13:24:16,1066.67,1
2026-09-23T13:26:16,1080.0,1
2026-09-23T13:28:16,1068.33,1
2026-09-23T13:30:16,1070.0,1
2026-09-23T13:32:16,1084.17,1
2026-09-23T13:34:16,1095.0,1
2026-09-23T13:36:16,1105.83,1
2026-09-23T13:38:16,1098.33,1
2026-09-23T13:40:16,1090.83,1
2026-09-23T13:42:16,1103.33,1
2026-09-23T13:44:16,1146.67,1
2026-09-23T13:46:16,1185.83,1
2026-09-23T13:48:16,1194.17,1
2026-09-23T13:50:16,1226.67,1
2026-09-23T13:52:16,1264.17,1
2026-09-23T13:54:16,1282.5,1
2026-09-23T13:56:16,1253.33,1
2026-09-23T13:58:16,1194.17,1
2026-09-23T14:00:16,1122.5,1
2026-09-23T14:02:16,1050.83,1
2026-09-23T14:04:16,1013.33,1
2026-09-23T14:06:16,1000.83,1
2026-09-23T14:08:16,979.17,1
2026-09-23T14:10:16,951.67,1
2026-09-23T14:12:16,929.17,1
2026-09-23T14:14:16,907.5,1
2026-09-23T14:16:16,889.17,1
2026-09-23T14:18:16,875.0,1
2026-09-23T14:20:16,865.83,1
2026-09-23T14:22:16,862.5,1
2026-09-23T14:24:16,863.33,1
2026-09-23T14:26:16,860.83,1
2026-09-23T14:28:16,853.33,1
2026-09-23T14:30:16,845.0,1
2026-09-23T14:32:16,836.67,1
2026-09-23T14:34:16,823.33,1
2026-09-23T14:36:16,812.5,1
2026-09-23T14:38:16,810.0,1
2026-09-23T14:40:16,802.5,1
2026-09-23T14:42:16,788.33,1
2026-09-23T14:44:16,773.33,1
2026-09-23T14:46:16,760.0,1
2026-09-23T14:48:16,747.5,1
2026-09-23T14:50:16,737.5,1
2026-09-23T14:52:16,726.67,1
2026-09-23T14:54:16,715.83,1
2026-09-23T14:56:16,701.67,1
2026-09-23T14:58:16,689.17,1
2026-09-23T15:00:16,675.0,1
2026-09-23T15:02:16,664.17,1
2026-09-23T15:04:16,656.67,1
2026-09-23T15:06:16,649.17,1
2026-09-23T15:08:16,643.33,1
2026-09-23T15:10:16,636.67,1
2026-09-23T15:12:16,628.33,1
2026-09-23T15:14:16,620.83,1
2026-09-23T15:16:16,614.17,1
2026-09-23T15:18:16,611.67,1
2026-09-23T15:20:16,606.67,1
2026-09-23T15:22:16,599.17,1
2026-09-23T15:24:16,592.5,1
2026-09-23T15:26:16,586.67,1
2026-09-23T15:28:16,579.17,1
2026-09-23T15:30:16,575.0,1
2026-09-23T15:32:16,573.33,1
2026-09-23T15:34:16,573.33,1
2026-09-23T15:36:16,570.83,1
2026-09-23T15:38:16,563.33,1
2026-09-23T15:40:16,557.5,1
2026-09-23T15:42:16,553.33,1
2026-09-23T15:44:16,549.17,1
2026-09-23T15:46:16,541.67,1
2026-09-23T15:48:16,540.83,1
2026-09-23T15:50:16,544.17,1
2026-09-23T15:52:16,541.67,1
2026-09-23T15:54:16,568.33,1
2026-09-23T15:56:16,568.33,1
2026-09-23T15:58:16,572.5,1
2026-09-23T16:00:16,572.5,1
2026-09-23T16:02:16,572.5,1
2026-09-23T16:04:16,567.5,1
2026-09-23T16:06:16,552.5,1
2026-09-23T16:08:16,543.33,1
2026-09-23T16:10:16,548.33,1
2026-09-23T16:12:16,555.0,1
2026-09-23T16:14:16,560.83,1
2026-09-23T16:16:16,555.0,1
2026-09-23T16:18:16,530.0,1
2026-09-23T16:20:16,526.67,1
2026-09-23T16:22:16,525.83,1
2026-09-23T16:24:16,525.83,1
2026-09-23T16:26:16,525.83,1
2026-09-23T16:28:16,527.5,1
2026-09-23T16:30:16,533.33,1
2026-09-23T16:32:16,549.17,1
2026-09-23T16:34:16,562.5,1
2026-09-23T16:36:16,562.5,1
2026-09-23T16:38:16,561.67,1
2026-09-23T16:40:16,556.67,1
2026-09-23T16:42:16,547.5,1
2026-09-23T16:44:16,535.83,1
2026-09-23T16:46:16,525.83,1
2026-09-23T16:48:16,509.17,1
2026-09-23T16:50:16,491.67,1
2026-09-23T16:52:16,473.33,1
2026-09-23T16:54:16,468.33,1
2026-09-23T16:56:16,460.83,1
2026-09-23T16:58:16,453.33,1
2026-09-23T17:00:16,447.5,1
2026-09-23T17:02:16,441.67,1
2026-09-23T17:04:16,437.5,1
2026-09-23T17:06:16,430.83,1
2026-09-23T17:08:16,420.83,1
2026-09-23T17:10:16,417.5,1
2026-09-23T17:12:16,415.83,1
2026-09-23T17:14:16,415.0,1
2026-09-23T17:16:16,410.0,1
2026-09-23T17:18:16,400.0,1
2026-09-23T17:20:16,387.5,1
2026-09-23T17:22:16,375.83,1
2026-09-23T17:24:16,365.83,1
2026-09-23T17:26:16,360.83,1
2026-09-23T17:28:16,355.0,1
2026-09-23T17:30:16,349.17,1
2026-09-23T17:32:16,344.17,1
2026-09-23T17:34:16,345.83,1
2026-09-23T17:36:16,344.17,1
2026-09-23T17:38:16,333.33,1
2026-09-23T17:40:16,318.33,1
2026-09-23T17:42:16,300.83,1
2026-09-23T17:44:17,289.17,1
2026-09-23T17:46:17,278.33,1
2026-09-23T17:48:17,265.0,1
2026-09-23T17:50:17,250.83,1
2026-09-23T17:52:17,235.0,1
2026-09-23T17:54:17,216.67,1
2026-09-23T17:56:17,197.5,1
2026-09-23T17:58:17,182.5,1
2026-09-23T18:00:17,166.67,1
2026-09-23T18:02:17,146.67,1
2026-09-23T18:04:17,125.83,1
2026-09-23T18:06:17,107.5,1
2026-09-23T18:08:17,91.67,1
2026-09-23T18:10:17,76.67,1
2026-09-23T18:12:17,61.67,1
2026-09-23T18:14:17,48.33,1
2026-09-23T18:16:17,37.5,1
2026-09-23T18:18:17,29.17,1
2026-09-23T18:20:17,22.5,1
2026-09-23T18:22:17,16.67,1
2026-09-23T18:24:17,10.83,1
2026-09-23T18:26:17,7.5,1
2026-09-23T18:28:17,5.0,1
2026-09-23T18:30:17,3.33,1
2026-09-23T18:32:17,2.5,1
2026-09-23T18:34:17,1.67,1
2026-09-24T09:17:59,11331.67,1
2026-09-24T09:19:59,12900.0,1
2026-09-24T09:21:59,19322.5,1
2026-09-24T09:23:59,15062.5,1
2026-09-24T09:25:59,9160.83,1
2026-09-24T09:27:59,8990.0,1
2026-09-24T09:29:59,8277.5,1
2026-09-24T09:31:59,6434.17,1
2026-09-24T09:33:59,8372.5,1
2026-09-24T09:35:59,19808.33,1
2026-09-24T09:37:59,16388.33,1
2026-09-24T09:39:59,11880.0,1
2026-09-24T09:41:59,15411.67,1
2026-09-24T09:43:59,33887.5,1
2026-09-24T09:45:59,40606.66,1
2026-09-24T09:47:59,32600.0,1
2026-09-24T09:49:59,33012.5,1
2026-09-24T09:51:59,30760.0,1
2026-09-24T09:53:59,24181.67,1
2026-09-24T09:55:59,20798.33,1
2026-09-24T09:57:59,22717.5,1
2026-09-24T09:59:59,18356.67,1
2026-09-24T10:01:59,20045.83,1
2026-09-24T10:03:59,18318.33,1
2026-09-24T10:05:59,12415.0,1
2026-09-24T10:07:59,9117.5,1
2026-09-24T10:09:59,6175.0,1
2026-09-24T10:11:59,4532.5,1
2026-09-24T10:13:59,4000.0,1
2026-09-24T10:15:59,4693.33,1
2026-09-24T10:17:59,4518.33,1
2026-09-24T10:19:59,4378.33,1
2026-09-24T10:21:59,4175.83,1
2026-09-24T10:23:59,10321.67,1
2026-09-24T10:25:59,39414.16,1
2026-09-24T10:27:59,50174.16,1
2026-09-24T10:29:59,46428.33,1
2026-09-24T10:31:59,54612.5,1
2026-09-24T10:33:59,44733.33,1
2026-09-24T10:35:59,17121.67,1
2026-09-24T10:37:59,52620.0,1
2026-09-24T10:39:59,52623.33,1
2026-09-24T10:41:59,54445.83,1
2026-09-24T10:43:59,19405.83,1
2026-09-24T10:45:59,2502.5,1
2026-09-24T10:47:59,2253.33,1
2026-09-24T10:49:59,2138.33,1
2026-09-24T10:51:59,2167.5,1
2026-09-24T10:53:59,2105.0,1
2026-09-24T10:55:59,2125.0,1
2026-09-24T10:57:59,2299.17,1
2026-09-24T10:59:59,2600.0,1
2026-09-24T11:01:59,2727.5,1
2026-09-24T11:03:59,3004.17,1
2026-09-24T11:05:59,3530.83,1
2026-09-24T11:07:59,3855.0,1
2026-09-24T11:09:59,4185.83,1
2026-09-24T11:11:59,4167.5,1
2026-09-24T11:13:59,4066.67,1
2026-09-24T11:15:59,4189.17,1
2026-09-24T11:17:59,4824.17,1
2026-09-24T11:19:59,4922.5,1
2026-09-24T11:21:59,3705.0,1
2026-09-24T11:23:59,2697.5,1
2026-09-24T11:25:59,2471.67,1
2026-09-24T11:27:59,3121.67,1
2026-09-24T11:29:59,-,0
2026-09-24T11:31:59,-,0
2026-09-24T11:33:59,-,0
2026-09-24T11:35:59,2090.83,1
2026-09-24T11:37:59,1797.5,1
2026-09-24T11:39:59,1555.83,1
2026-09-24T11:41:59,1400.83,1
2026-09-24T11:43:59,1523.33,1
2026-09-24T11:45:59,1767.5,1
2026-09-24T11:47:59,2183.33,1
2026-09-24T11:49:59,2130.83,1
2026-09-24T11:51:59,1775.0,1
2026-09-24T11:53:59,1513.33,1
2026-09-24T11:55:59,1230.83,1
2026-09-24T11:57:59,1115.83,1
2026-09-24T11:59:59,1043.33,1
2026-09-24T12:01:59,1017.5,1
2026-09-24T12:03:59,989.17,1
2026-09-24T12:05:59,974.17,1
2026-09-24T12:07:59,970.83,1
2026-09-24T12:09:59,972.5,1
2026-09-24T12:11:59,966.67,1
2026-09-24T12:13:59,972.5,1
2026-09-24T12:15:59,953.33,1
2026-09-24T12:17:59,946.67,1
2026-09-24T12:19:59,987.5,1
2026-09-24T12:21:59,1003.33,1
2026-09-24T12:23:59,1020.83,1
2026-09-24T12:25:59,1192.5,1
2026-09-24T12:27:59,1269.17,1
2026-09-24T12:29:59,1364.17,1
2026-09-24T12:31:59,1772.5,1
2026-09-24T12:33:59,2400.0,1
2026-09-24T12:35:59,3367.5,1
2026-09-24T12:38:00,3941.67,1
2026-09-24T12:40:00,3714.17,1
2026-09-24T12:42:00,3757.5,1
2026-09-24T12:44:00,4085.83,1
2026-09-24T12:46:00,3914.17,1
2026-09-24T12:48:00,3433.33,1
2026-09-24T12:50:00,3140.83,1
2026-09-24T12:52:00,2554.17,1
2026-09-24T12:54:00,1840.83,1
2026-09-24T12:56:00,1656.67,1
2026-09-24T12:58:00,2068.33,1
2026-09-24T13:00:00,2566.67,1
2026-09-24T13:01:59,2895.0,1
2026-09-24T13:03:59,3438.33,1
2026-09-24T13:05:59,3970.83,1
2026-09-24T13:07:59,4329.17,1
2026-09-24T13:09:59,-,0
2026-09-24T13:11:59,-,0
2026-09-24T13:14:00,3630.83,1
2026-09-24T13:16:00,3094.17,1
2026-09-24T13:18:00,3370.83,1
2026-09-24T13:20:00,3605.83,1
2026-09-24T13:22:00,3725.83,1
2026-09-24T13:24:00,3632.5,1
2026-09-24T13:26:00,3119.17,1
2026-09-24T13:28:00,2641.67,1
2026-09-24T13:30:00,2062.5,1
2026-09-24T13:32:00,1567.5,1
2026-09-24T13:34:00,1629.17,1
2026-09-24T13:36:00,2017.5,1
2026-09-24T13:38:00,2333.33,1
2026-09-24T13:40:00,2749.17,1
2026-09-24T13:42:00,3794.17,1
2026-09-24T13:44:00,3834.17,1
2026-09-24T13:46:00,2914.17,1
2026-09-24T13:48:00,2081.67,1
2026-09-24T13:50:00,1797.5,1
2026-09-24T13:52:00,1653.33,1
2026-09-24T13:54:00,1541.67,1
2026-09-24T13:56:00,1590.83,1
2026-09-24T13:58:00,1923.33,1
2026-09-24T14:00:00,2186.67,1
2026-09-24T14:02:00,2479.17,1
2026-09-24T14:04:00,2745.83,1
2026-09-24T14:06:00,2813.33,1
2026-09-24T14:08:00,2514.17,1
2026-09-24T14:10:00,2125.83,1
2026-09-24T14:12:00,1888.33,1
2026-09-24T14:14:00,1699.17,1
2026-09-24T14:16:00,1598.33,1
2026-09-24T14:18:00,1520.83,1
2026-09-24T14:20:00,1441.67,1
2026-09-24T14:22:00,1384.17,1
2026-09-24T14:24:00,1335.0,1
2026-09-24T14:26:00,1296.67,1
2026-09-24T14:28:00,1282.5,1
2026-09-24T14:30:00,1267.5,1
2026-09-24T14:32:00,1258.33,1
2026-09-24T14:34:00,1300.0,1
2026-09-24T14:36:00,1422.5,1
2026-09-24T14:38:00,1640.0,1
2026-09-24T14:40:00,1905.83,1
2026-09-24T14:42:00,2121.67,1
2026-09-24T14:44:00,2326.67,1
2026-09-24T14:46:00,2529.17,1
2026-09-24T14:48:00,2782.5,1
2026-09-24T14:50:00,2940.83,1
2026-09-24T14:52:00,2922.5,1
2026-09-24T14:54:00,2724.17,1
2026-09-24T14:56:00,2549.17,1
2026-09-24T14:58:00,2609.17,1
2026-09-24T15:00:00,2891.67,1
2026-09-24T15:02:00,2940.0,1
2026-09-24T15:04:00,3010.83,1
2026-09-24T15:06:00,2978.33,1
2026-09-24T15:08:00,3168.33,1
2026-09-24T15:10:00,3027.5,1
2026-09-24T15:12:00,2545.83,1
2026-09-24T15:14:00,1973.33,1
2026-09-24T15:16:00,1408.33,1
2026-09-24T15:18:00,1130.83,1
2026-09-24T15:20:00,1069.17,1
2026-09-24T15:22:00,1371.67,1
2026-09-24T15:24:00,1703.33,1
2026-09-24T15:26:00,1878.33,1
2026-09-24T15:28:00,2105.0,1
2026-09-24T15:30:00,2207.5,1
2026-09-24T15:32:00,2163.33,1
2026-09-24T15:34:00,2027.5,1
2026-09-24T15:36:00,1653.33,1
2026-09-24T15:38:00,1260.0,1
2026-09-24T15:40:00,1333.33,1
2026-09-24T15:42:00,1683.33,1
2026-09-24T15:44:00,1942.5,1
2026-09-24T15:46:00,2186.67,1
2026-09-24T15:48:00,2351.67,1
2026-09-24T15:50:00,2142.5,1
2026-09-24T15:52:00,1893.33,1
2026-09-24T15:54:00,1961.67,1
2026-09-24T15:56:00,2337.5,1
2026-09-24T15:58:00,2486.67,1
2026-09-24T16:00:00,2048.33,1
2026-09-24T16:02:00,1432.5,1
2026-09-24T16:04:00,990.83,1
2026-09-24T16:06:00,947.5,1
2026-09-24T16:08:00,956.67,1
2026-09-24T16:10:00,1108.33,1
2026-09-24T16:12:00,1186.67,1
2026-09-24T16:14:00,1156.67,1
2026-09-24T16:16:00,1002.5,1
2026-09-24T16:18:00,922.5,1
2026-09-24T16:20:00,1013.33,1
2026-09-24T16:22:00,981.67,1
2026-09-24T16:24:00,918.33,1
2026-09-24T16:26:00,1144.17,1
2026-09-24T16:28:00,1348.33,1
2026-09-24T16:30:00,1376.67,1
2026-09-24T16:32:00,1111.67,1
2026-09-24T16:34:00,1004.17,1
2026-09-24T16:36:00,985.83,1
2026-09-24T16:38:00,879.17,1
2026-09-24T16:40:00,780.0,1
2026-09-24T16:42:00,761.67,1
2026-09-24T16:44:00,858.33,1
2026-09-24T16:46:00,1001.67,1
2026-09-24T16:48:00,1091.67,1
2026-09-24T16:50:00,1043.33,1
2026-09-24T16:52:00,983.33,1
2026-09-24T16:54:00,934.17,1
2026-09-24T16:56:00,920.83,1
2026-09-24T16:58:00,1010.83,1
2026-09-24T17:00:00,1070.0,1
2026-09-24T17:02:00,1030.0,1
2026-09-24T17:04:00,822.5,1
2026-09-24T17:06:00,676.67,1
2026-09-24T17:08:00,610.83,1
2026-09-24T17:10:00,515.0,1
2026-09-24T17:12:00,400.0,1
2026-09-24T17:14:00,356.67,1
2026-09-24T17:16:00,384.17,1
2026-09-24T17:18:00,425.83,1
2026-09-24T17:20:00,452.5,1
2026-09-24T17:22:00,408.33,1
2026-09-24T17:24:00,405.0,1
2026-09-24T17:26:00,418.33,1
2026-09-24T17:28:00,410.0,1
2026-09-24T17:30:00,325.83,1
2026-09-24T17:32:00,288.33,1
2026-09-24T17:34:00,-,0
2026-09-24T17:36:00,236.67,1
2026-09-24T17:38:00,196.67,1
2026-09-24T17:40:00,147.5,1
2026-09-24T17:42:00,112.5,1
2026-09-24T17:44:00,93.33,1
2026-09-24T17:46:00,89.17,1
2026-09-24T17:48:00,94.17,1
2026-09-24T17:50:00,88.33,1
2026-09-24T17:52:00,-,0
2026-09-24T17:54:00,-,0
2026-09-24T17:56:00,65.0,1
2026-09-24T17:58:00,61.67,1
2026-09-24T18:00:00,56.67,1
2026-09-24T18:02:00,57.5,1
2026-09-24T18:04:00,54.17,1
2026-09-24T18:06:01,41.67,1
2026-09-24T18:08:01,32.5,1
2026-09-24T18:10:01,28.33,1
2026-09-24T18:12:01,-,0
2026-09-24T18:14:01,-,0
2026-09-24T18:16:01,-,0
2026-09-24T18:18:01,-,0
2026-09-24T18:20:01,-,0
2026-09-24T18:22:00,6.67,1
2026-09-24T18:24:00,5.0,1
2026-09-24T18:26:00,3.33,1
2026-09-24T18:28:00,2.5,1
2026-09-24T18:30:00,1.67,1
2026-09-24T18:32:00,0.83,1
2026-09-24T18:34:00,0.83,1
2026-09-24T18:36:00,0.0,1
2026-09-24T18:38:00,0.0,1
2026-09-25T09:49:24,25600.83,1
2026-09-25T09:51:24,26940.0,1
2026-09-25T09:53:24,27683.33,1
2026-09-25T09:55:24,27395.0,1
2026-09-25T09:57:24,30477.5,1
2026-09-25T09:59:24,30391.67,1
2026-09-25T10:01:24,29440.0,1
2026-09-25T10:03:24,30364.17,1
2026-09-25T10:05:24,25133.33,1
2026-09-25T10:07:24,23855.0,1
2026-09-25T10:09:24,26326.67,1
2026-09-25T10:11:24,29351.67,1
2026-09-25T10:13:24,22886.67,1
2026-09-25T10:15:24,19676.67,1
2026-09-25T10:17:24,20305.0,1
2026-09-25T10:19:24,9708.33,1
2026-09-25T10:21:24,7502.5,1
2026-09-25T10:23:24,10612.5,1
2026-09-25T10:25:24,4866.67,1
2026-09-25T10:27:24,4614.17,1
2026-09-25T10:29:24,9625.83,1
2026-09-25T10:31:24,24920.0,1
2026-09-25T10:33:24,16019.17,1
2026-09-25T10:35:24,16442.5,1
2026-09-25T10:37:24,17310.83,1
2026-09-25T10:39:24,13760.83,1
2026-09-25T10:41:24,16625.0,1
2026-09-25T10:43:24,8499.17,1
2026-09-25T10:45:24,7093.33,1
2026-09-25T10:47:24,6857.5,1
2026-09-25T10:49:24,6298.33,1
2026-09-25T10:51:24,5847.5,1
2026-09-25T10:53:24,5737.5,1
2026-09-25T10:55:24,5878.33,1
2026-09-25T10:57:24,6008.33,1
2026-09-25T10:59:24,6153.33,1
2026-09-25T11:01:24,6011.67,1
2026-09-25T11:03:24,5700.83,1
2026-09-25T11:05:24,5419.17,1
2026-09-25T11:07:24,5236.67,1
2026-09-25T11:09:24,5033.33,1
2026-09-25T11:11:24,4774.17,1
2026-09-25T11:13:24,4747.5,1
2026-09-25T11:15:24,4813.33,1
2026-09-25T11:17:24,4960.83,1
2026-09-25T11:19:24,4974.17,1
2026-09-25T11:21:24,4760.83,1
2026-09-25T11:23:24,4844.17,1
2026-09-25T11:25:24,5015.0,1
2026-09-25T11:27:24,5043.33,1
2026-09-25T11:29:24,5030.0,1
2026-09-25T11:31:24,5008.33,1
2026-09-25T11:33:24,5120.0,1
2026-09-25T11:35:24,5181.67,1
2026-09-25T11:37:24,5193.33,1
2026-09-25T11:39:24,5130.83,1
2026-09-25T11:41:24,5043.33,1
2026-09-25T11:43:24,5018.33,1
2026-09-25T11:45:24,4979.17,1
2026-09-25T11:47:24,4913.33,1
2026-09-25T11:49:24,4926.67,1
2026-09-25T11:51:24,4815.0,1
2026-09-25T11:53:24,4613.33,1
2026-09-25T11:55:24,4712.5,1
2026-09-25T11:57:24,4720.83,1
2026-09-25T11:59:24,4633.33,1
2026-09-25T12:01:24,4599.17,1
2026-09-25T12:03:24,4589.17,1
2026-09-25T12:05:24,4586.67,1
2026-09-25T12:07:24,4518.33,1
2026-09-25T12:09:24,4291.67,1
2026-09-25T12:11:24,4245.0,1
2026-09-25T12:13:24,4440.83,1
2026-09-25T12:15:24,4529.17,1
2026-09-25T12:17:24,4447.5,1
2026-09-25T12:19:24,4240.0,1
2026-09-25T12:21:24,4076.67,1
2026-09-25T12:23:24,3925.83,1
2026-09-25T12:25:24,3955.83,1
2026-09-25T12:27:24,3956.67,1
2026-09-25T12:29:24,3800.0,1
2026-09-25T12:31:24,3896.67,1
2026-09-25T12:33:24,4228.33,1
2026-09-25T12:35:24,4420.0,1
2026-09-25T12:37:24,4385.0,1
2026-09-25T12:39:24,4236.67,1
2026-09-25T12:41:24,4315.83,1
2026-09-25T12:43:24,4315.83,1
2026-09-25T12:45:24,4126.67,1
2026-09-25T12:47:24,4119.17,1
2026-09-25T12:49:24,4040.83,1
2026-09-25T12:51:24,4106.67,1
2026-09-25T12:53:24,4169.17,1
2026-09-25T12:55:24,4147.5,1
2026-09-25T12:57:24,4040.83,1
2026-09-25T12:59:24,3690.0,1
2026-09-25T13:01:24,3613.33,1
2026-09-25T13:03:24,3688.33,1
2026-09-25T13:05:24,3930.0,1
2026-09-25T13:07:24,3882.5,1
2026-09-25T13:09:24,3852.5,1
2026-09-25T13:11:24,3894.17,1
2026-09-25T13:13:24,4176.67,1
2026-09-25T13:15:24,4133.33,1
2026-09-25T13:17:24,4024.17,1
2026-09-25T13:19:24,3992.5,1
2026-09-25T13:21:24,3940.0,1
2026-09-25T13:23:24,3841.67,1
2026-09-25T13:25:24,3874.17,1
2026-09-25T13:27:24,3869.17,1
2026-09-25T13:29:24,3777.5,1
2026-09-25T13:31:24,3817.5,1
2026-09-25T13:33:24,3967.5,1
2026-09-25T13:35:24,3914.17,1
2026-09-25T13:37:24,3711.67,1
2026-09-25T13:39:24,3700.83,1
2026-09-25T13:41:24,3665.0,1
2026-09-25T13:43:24,3374.17,1
2026-09-25T13:45:24,3026.67,1
2026-09-25T13:47:24,2858.33,1
2026-09-25T13:49:24,2921.67,1
2026-09-25T13:51:24,3118.33,1
2026-09-25T13:53:24,3179.17,1
2026-09-25T13:55:24,3194.17,1
2026-09-25T13:57:24,3560.0,1
2026-09-25T13:59:24,-,0
2026-09-25T14:01:24,3770.0,1
2026-09-25T14:03:24,3635.83,1
2026-09-25T14:05:24,3401.67,1
2026-09-25T14:07:24,3065.0,1
2026-09-25T14:09:24,2799.17,1
2026-09-25T14:11:24,2323.33,1
2026-09-25T14:13:24,1923.33,1
2026-09-25T14:15:24,1740.0,1
2026-09-25T14:17:24,1779.17,1
2026-09-25T14:19:24,1773.33,1
2026-09-25T14:21:24,1923.33,1
2026-09-25T14:23:24,1899.17,1
2026-09-25T14:25:24,1780.83,1
2026-09-25T14:27:24,2010.83,1
2026-09-25T14:29:24,1944.17,1
2026-09-25T14:31:24,1882.5,1
2026-09-25T14:33:24,1940.83,1
2026-09-25T14:35:24,1957.5,1
2026-09-25T14:37:24,1667.5,1
2026-09-25T14:39:24,1715.0,1
2026-09-25T14:41:24,1911.67,1
2026-09-25T14:43:24,2048.33,1
2026-09-25T14:45:24,1821.67,1
2026-09-25T14:47:24,1660.0,1
2026-09-25T14:49:24,1625.83,1
2026-09-25T14:51:24,-,0
2026-09-25T14:53:24,-,0
2026-09-25T14:55:24,-,0
2026-09-25T14:57:24,1515.0,1
2026-09-25T14:59:24,1537.5,1
2026-09-25T15:01:24,1589.17,1
2026-09-25T15:03:24,1603.33,1
2026-09-25T15:05:24,1531.67,1
2026-09-25T15:07:24,1811.67,1
2026-09-25T15:09:24,2371.67,1
2026-09-25T15:11:24,2549.17,1
2026-09-25T15:13:24,2630.83,1
2026-09-25T15:15:24,2421.67,1
2026-09-25T15:17:24,2200.0,1
2026-09-25T15:19:24,1913.33,1
2026-09-25T15:21:24,1393.33,1
2026-09-25T15:23:24,1373.33,1
2026-09-25T15:25:24,1593.33,1
2026-09-25T15:27:24,1723.33,1
2026-09-25T15:29:24,2027.5,1
2026-09-25T15:31:25,2257.5,1
2026-09-25T15:33:25,2210.0,1
2026-09-25T15:35:25,2160.83,1
2026-09-25T15:37:25,2123.33,1
2026-09-25T15:39:25,2189.17,1
2026-09-25T15:41:25,2233.33,1
2026-09-25T15:43:25,2057.5,1
2026-09-25T15:45:25,2008.33,1
2026-09-25T15:47:25,2120.83,1
2026-09-25T15:49:25,1976.67,1
2026-09-25T15:51:25,1793.33,1
2026-09-25T15:53:25,1565.0,1
2026-09-25T15:55:25,1262.5,1
2026-09-25T15:57:25,1125.83,1
2026-09-25T15:59:25,987.5,1
2026-09-25T16:01:25,914.17,1
2026-09-25T16:03:25,949.17,1
2026-09-25T16:05:25,1067.5,1
2026-09-25T16:07:25,-,0
2026-09-25T16:09:25,-,0
2026-09-25T16:11:25,-,0
2026-09-25T16:13:25,-,0
2026-09-25T16:15:25,-,0
2026-09-25T16:17:25,-,0
2026-09-25T16:19:25,-,0
2026-09-25T16:21:25,-,0
2026-09-25T16:23:25,-,0
2026-09-25T16:25:25,640.0,1
2026-09-25T16:27:25,593.33,1
2026-09-25T16:29:25,545.0,1
2026-09-25T16:31:25,535.0,1
2026-09-25T16:33:25,446.67,1
2026-09-25T16:35:25,450.0,1
2026-09-25T16:37:25,428.33,1
2026-09-25T16:39:25,447.5,1
2026-09-25T16:41:25,487.5,1
2026-09-25T16:43:25,493.33,1
2026-09-25T16:45:25,473.33,1
2026-09-25T16:47:25,408.33,1
2026-09-25T16:49:25,521.67,1
2026-09-25T16:51:25,557.5,1
2026-09-25T16:53:25,542.5,1
2026-09-25T16:55:25,687.5,1
2026-09-25T16:57:25,687.5,1
2026-09-25T16:59:25,697.5,1
2026-09-25T17:01:25,753.33,1
2026-09-25T17:03:25,665.0,1
2026-09-25T17:05:25,704.17,1
2026-09-25T17:07:25,657.5,1
2026-09-25T17:09:25,545.83,1
2026-09-25T17:11:25,535.0,1
2026-09-25T17:13:25,549.17,1
2026-09-25T17:15:25,452.5,1
2026-09-25T17:17:25,385.0,1
2026-09-25T17:19:25,382.5,1
2026-09-25T17:21:25,396.67,1
2026-09-25T17:23:25,397.5,1
2026-09-25T17:25:25,468.33,1
2026-09-25T17:27:25,524.17,1
2026-09-25T17:29:25,512.5,1
2026-09-25T17:31:25,490.0,1
2026-09-25T17:33:25,534.17,1
2026-09-25T17:35:25,590.0,1
2026-09-25T17:37:25,550.0,1
2026-09-25T17:39:25,490.0,1
2026-09-25T17:41:25,468.33,1
2026-09-25T17:43:25,418.33,1
2026-09-25T17:45:25,401.67,1
2026-09-25T17:47:25,373.33,1
2026-09-25T17:49:25,354.17,1
2026-09-25T17:51:25,330.0,1
2026-09-25T17:53:25,315.0,1
2026-09-25T17:55:25,294.17,1
2026-09-25T17:57:25,262.5,1
2026-09-25T17:59:25,252.5,1
2026-09-25T18:01:25,236.67,1
2026-09-25T18:03:25,220.0,1
2026-09-25T18:05:25,184.17,1
2026-09-25T18:07:25,155.0,1
2026-09-25T18:09:25,131.67,1
2026-09-25T18:11:25,97.5,1
2026-09-25T18:13:25,73.33,1
2026-09-25T18:15:25,56.67,1
2026-09-25T18:17:25,45.83,1
2026-09-25T18:19:25,30.83,1
2026-09-25T18:21:25,22.5,1
2026-09-25T18:23:25,17.5,1
2026-09-25T18:25:25,12.5,1
2026-09-25T18:27:25,9.17,1
2026-09-25T18:29:25,5.83,1
2026-09-25T18:31:25,4.17,1
2026-09-25T18:33:25,2.5,1
2026-09-25T18:35:25,1.67,1
2026-09-25T18:37:25,0.83,1
