time,value
2026-09-12T00:54:18.811Z,6.332962989807129
2026-09-12T00:54:18.819Z,6.332962989807129
2026-09-12T00:54:19.818Z,6.962637901306152
2026-09-12T00:54:19.836Z,6.962637901306152
2026-09-12T00:54:20.824Z,9.016862869262695
2026-09-12T00:54:20.843Z,9.016862869262695
2026-09-12T00:54:21.826Z,9.89553451538086
2026-09-12T00:54:21.843Z,9.89553451538086
2026-09-12T00:54:22.826Z,9.950601577758789
2026-09-12T00:54:22.862Z,9.950601577758789
2026-09-12T00:54:23.845Z,9.950601577758789
2026-09-12T00:54:23.878Z,9.950601577758789
2026-09-12T00:54:24.862Z,9.955389976501465
2026-09-12T00:54:24.879Z,9.955389976501465
2026-09-12T00:54:25.864Z,9.950601577758789
2026-09-12T00:54:25.895Z,9.950601577758789
2026-09-12T00:54:26.881Z,9.955389976501465
2026-09-12T00:54:26.913Z,9.955389976501465
2026-09-12T00:54:27.881Z,9.964966773986816
2026-09-12T00:54:27.934Z,9.964966773986816
2026-09-12T00:54:28.897Z,9.955389976501465
2026-09-12T00:54:28.949Z,9.955389976501465
2026-09-12T00:54:29.914Z,9.964966773986816
2026-09-12T00:54:29.963Z,9.964966773986816
2026-09-12T00:54:30.913Z,0.3256114423274994
2026-09-12T00:54:30.964Z,0.3256114423274994
2026-09-12T00:54:31.93Z,13.527539253234863
2026-09-12T00:54:31.982Z,13.527539253234863
2026-09-12T00:54:33.022Z,3.6607344150543213
2026-09-12T00:54:33.032Z,3.6607344150543213
2026-09-12T00:54:33.946Z,4.534617900848389
2026-09-12T00:54:34.007Z,4.534617900848389
2026-09-12T00:54:34.951Z,1.678335428237915
2026-09-12T00:54:35.001Z,1.678335428237915
2026-09-12T00:54:36.213Z,8.787019729614258
2026-09-12T00:54:36.214Z,8.787019729614258
2026-09-12T00:54:37.214Z,-3.5673606395721436
2026-09-12T00:54:37.216Z,-3.5673606395721436
2026-09-12T00:54:38.215Z,-3.5673606395721436
2026-09-12T00:54:38.217Z,-3.5673606395721436
2026-09-12T00:54:39.216Z,-13.33121395111084
2026-09-12T00:54:39.217Z,-13.33121395111084
2026-09-12T00:54:40.228Z,-16.707338333129883
2026-09-12T00:54:40.229Z,-16.707338333129883
2026-09-12T00:54:41.226Z,-0.16759411990642548
2026-09-12T00:54:41.227Z,-0.16759411990642548
2026-09-12T00:54:42.234Z,-2.4875755310058594
2026-09-12T00:54:42.241Z,-2.4875755310058594
2026-09-12T00:54:43.243Z,-2.58813214302063
2026-09-12T00:54:43.245Z,-2.58813214302063
2026-09-12T00:54:44.253Z,3.1435868740081787
2026-09-12T00:54:45.253Z,5.76793098449707
2026-09-12T00:54:45.254Z,5.76793098449707
2026-09-12T00:54:46.261Z,7.137414455413818
2026-09-12T00:54:46.262Z,7.137414455413818
2026-09-12T00:54:47.27Z,10.316914558410645
2026-09-12T00:54:47.272Z,10.316914558410645
2026-09-12T00:54:48.272Z,5.076006889343262
2026-09-12T00:54:49.279Z,7.690474987030029
2026-09-12T00:54:49.28Z,7.690474987030029
2026-09-12T00:54:50.28Z,5.803843975067139
2026-09-12T00:54:50.281Z,5.803843975067139
2026-09-12T00:54:51.289Z,1.359906554222107
2026-09-12T00:54:52.298Z,1.1085153818130493
2026-09-12T00:54:52.299Z,1.1085153818130493
2026-09-12T00:54:53.299Z,0.6871358752250671
2026-09-12T00:54:54.308Z,7.300220489501953
2026-09-12T00:54:54.31Z,7.300220489501953
2026-09-12T00:54:55.328Z,4.78122091293335
2026-09-12T00:54:55.331Z,4.78122091293335
2026-09-12T00:54:56.333Z,4.467580318450928
2026-09-12T00:54:56.337Z,4.467580318450928
2026-09-12T00:54:57.343Z,9.797372817993164
2026-09-12T00:54:57.348Z,9.797372817993164
2026-09-12T00:54:58.352Z,5.830180644989014
2026-09-12T00:54:58.355Z,5.830180644989014
2026-09-12T00:54:59.363Z,7.259518623352051
2026-09-12T00:54:59.364Z,7.259518623352051
2026-09-12T00:55:00.377Z,8.492532730102539
2026-09-12T00:55:00.378Z,8.492532730102539
2026-09-12T00:55:01.389Z,9.160514831542969
2026-09-12T00:55:01.39Z,9.160514831542969
2026-09-12T00:55:02.387Z,6.332962989807129
2026-09-12T00:55:02.388Z,6.332962989807129
2026-09-12T00:55:03.394Z,7.972990989685059
2026-09-12T00:55:03.395Z,7.972990989685059
2026-09-12T00:55:04.397Z,1.6950948238372803
2026-09-12T00:55:04.398Z,1.6950948238372803
2026-09-12T00:55:05.408Z,3.028665065765381
2026-09-12T00:55:05.409Z,3.028665065765381
2026-09-12T00:55:06.415Z,6.00495719909668
2026-09-12T00:55:06.416Z,6.00495719909668
2026-09-12T00:55:07.425Z,9.13417911529541
2026-09-12T00:55:07.426Z,9.13417911529541
2026-09-12T00:55:08.433Z,-2.5498247146606445
2026-09-12T00:55:08.435Z,-2.5498247146606445
2026-09-12T00:55:09.444Z,11.348814964294434
2026-09-12T00:55:09.445Z,11.348814964294434
2026-09-12T00:55:10.457Z,-5.351340293884277
2026-09-12T00:55:10.458Z,-5.351340293884277
2026-09-12T00:55:11.466Z,2.583343744277954
2026-09-12T00:55:11.468Z,2.583343744277954
2026-09-12T00:55:12.469Z,17.583616256713867
2026-09-12T00:55:12.47Z,17.583616256713867
2026-09-12T00:55:13.47Z,14.08538818359375
2026-09-12T00:55:13.471Z,14.08538818359375
2026-09-12T00:55:14.476Z,-0.9313444495201111
2026-09-12T00:55:14.479Z,-0.9313444495201111
2026-09-12T00:55:15.49Z,3.114856481552124
2026-09-12T00:55:15.497Z,3.114856481552124
2026-09-12T00:55:16.504Z,4.565742492675781
2026-09-12T00:55:16.505Z,4.565742492675781
2026-09-12T00:55:17.508Z,1.4915876388549805
2026-09-12T00:55:17.509Z,1.4915876388549805
2026-09-12T00:55:18.526Z,-3.002328872680664
2026-09-12T00:55:18.527Z,-3.002328872680664
2026-09-12T00:55:19.53Z,6.704063892364502
2026-09-12T00:55:19.532Z,6.704063892364502
2026-09-12T00:55:20.553Z,-18.253992080688477
2026-09-12T00:55:20.555Z,-18.253992080688477
2026-09-12T00:55:21.558Z,-4.094084739685059
2026-09-12T00:55:21.559Z,-4.094084739685059
2026-09-12T00:55:22.565Z,-6.0097455978393555
2026-09-12T00:55:22.567Z,-6.0097455978393555
2026-09-12T00:55:23.566Z,-7.700051784515381
2026-09-12T00:55:23.567Z,-7.700051784515381
2026-09-12T00:55:24.574Z,-6.641814708709717
2026-09-12T00:55:24.576Z,-6.641814708709717
2026-09-12T00:55:25.583Z,-7.750329971313477
2026-09-12T00:55:25.585Z,-7.750329971313477
2026-09-12T00:55:26.584Z,0.7469909191131592
2026-09-12T00:55:26.585Z,0.7469909191131592
2026-09-12T00:55:27.592Z,2.4851813316345215
2026-09-12T00:55:27.593Z,2.4851813316345215
2026-09-12T00:55:28.601Z,3.1699230670928955
2026-09-12T00:55:28.602Z,3.1699230670928955
2026-09-12T00:55:29.602Z,1.9345149993896484
2026-09-12T00:55:29.603Z,1.9345149993896484
2026-09-12T00:55:30.61Z,0.1412578970193863
2026-09-12T00:55:30.612Z,0.1412578970193863
2026-09-12T00:55:31.619Z,-13.84836196899414
2026-09-12T00:55:31.62Z,-13.84836196899414
2026-09-12T00:55:32.622Z,4.345476150512695
2026-09-12T00:55:32.623Z,4.345476150512695
2026-09-12T00:55:33.634Z,10.259453773498535
2026-09-12T00:55:33.638Z,10.259453773498535
2026-09-12T00:55:34.63Z,9.672874450683594
2026-09-12T00:55:34.632Z,9.672874450683594
2026-09-12T00:55:35.641Z,8.432677268981934
2026-09-12T00:55:35.642Z,8.432677268981934
2026-09-12T00:55:36.651Z,14.818312644958496
2026-09-12T00:55:37.652Z,7.807791233062744
2026-09-12T00:55:37.653Z,7.807791233062744
2026-09-12T00:55:38.655Z,13.628095626831055
2026-09-12T00:55:38.656Z,13.628095626831055
2026-09-12T00:55:39.666Z,10.240300178527832
2026-09-12T00:55:39.667Z,10.240300178527832
2026-09-12T00:55:40.666Z,8.34409236907959
2026-09-12T00:55:41.679Z,7.37204647064209
2026-09-12T00:55:41.68Z,7.37204647064209
2026-09-12T00:55:42.681Z,8.940248489379883
2026-09-12T00:55:42.688Z,8.940248489379883
2026-09-12T00:55:43.684Z,9.644144058227539
2026-09-12T00:55:43.686Z,9.644144058227539
2026-09-12T00:55:44.706Z,8.834903717041016
2026-09-12T00:55:44.707Z,8.834903717041016
2026-09-12T00:55:45.715Z,10.858003616333008
2026-09-12T00:55:45.718Z,10.858003616333008
2026-09-12T00:55:46.717Z,10.103830337524414
2026-09-12T00:55:46.718Z,10.103830337524414
2026-09-12T00:55:47.718Z,9.517251014709473
2026-09-12T00:55:47.721Z,9.517251014709473
2026-09-12T00:55:48.73Z,9.888352394104004
2026-09-12T00:55:49.728Z,9.897929191589355
2026-09-12T00:55:50.736Z,9.883563995361328
2026-09-12T00:55:51.737Z,9.771036148071289
2026-09-12T00:55:51.738Z,9.771036148071289
2026-09-12T00:55:52.75Z,12.62971305847168
2026-09-12T00:55:52.751Z,12.62971305847168
2026-09-12T00:55:53.757Z,9.107842445373535
2026-09-12T00:55:53.758Z,9.107842445373535
2026-09-12T00:55:54.756Z,7.671321392059326
2026-09-12T00:55:54.757Z,7.671321392059326
2026-09-12T00:55:55.762Z,10.132560729980469
2026-09-12T00:55:55.763Z,10.132560729980469
2026-09-12T00:55:56.763Z,8.013691902160645
2026-09-12T00:55:56.764Z,8.013691902160645
2026-09-12T00:55:57.771Z,10.338461875915527
2026-09-12T00:55:57.773Z,10.338461875915527
2026-09-12T00:55:58.779Z,8.418312072753906
2026-09-12T00:55:58.78Z,8.418312072753906
2026-09-12T00:55:59.784Z,8.482955932617188
2026-09-12T00:55:59.786Z,8.482955932617188
2026-09-12T00:56:00.789Z,-10.376769065856934
2026-09-12T00:56:00.792Z,-10.376769065856934
2026-09-12T00:56:01.791Z,2.3032219409942627
2026-09-12T00:56:01.792Z,2.3032219409942627
2026-09-12T00:56:02.798Z,0.9074024558067322
2026-09-12T00:56:02.799Z,0.9074024558067322
2026-09-12T00:56:03.809Z,-0.7398083209991455
2026-09-12T00:56:03.81Z,-0.7398083209991455
2026-09-12T00:56:04.815Z,1.5394717454910278
2026-09-12T00:56:04.816Z,1.5394717454910278
2026-09-12T00:56:05.817Z,7.565976619720459
2026-09-12T00:56:05.823Z,7.565976619720459
2026-09-12T00:56:06.825Z,10.546757698059082
2026-09-12T00:56:07.833Z,5.0807952880859375
2026-09-12T00:56:07.834Z,5.0807952880859375
2026-09-12T00:56:08.847Z,12.407052040100098
2026-09-12T00:56:08.848Z,12.407052040100098
2026-09-12T00:56:09.85Z,8.451830863952637
2026-09-12T00:56:09.851Z,8.451830863952637
2026-09-12T00:56:10.851Z,11.11418342590332
2026-09-12T00:56:10.853Z,11.11418342590332
2026-09-12T00:56:11.859Z,0.40462008118629456
2026-09-12T00:56:11.86Z,0.40462008118629456
2026-09-12T00:56:12.86Z,11.528380393981934
2026-09-12T00:56:12.861Z,11.528380393981934
2026-09-12T00:56:13.871Z,9.052776336669922
2026-09-12T00:56:13.874Z,9.052776336669922
2026-09-12T00:56:14.877Z,12.129324913024902
2026-09-12T00:56:14.878Z,12.129324913024902
2026-09-12T00:56:15.885Z,8.243535995483398
2026-09-12T00:56:16.886Z,7.922712802886963
2026-09-12T00:56:16.887Z,7.922712802886963
2026-09-12T00:56:17.895Z,-5.468656063079834
2026-09-12T00:56:18.903Z,1.2713210582733154
2026-09-12T00:56:19.919Z,-2.655169725418091
2026-09-12T00:56:19.92Z,-2.655169725418091
2026-09-12T00:56:20.944Z,-8.861239433288574
2026-09-12T00:56:20.945Z,-8.861239433288574
2026-09-12T00:56:21.937Z,-2.4612393379211426
2026-09-12T00:56:21.939Z,-2.4612393379211426
2026-09-12T00:56:22.945Z,0.20111294090747833
2026-09-12T00:56:22.946Z,0.20111294090747833
2026-09-12T00:56:23.954Z,-2.6408045291900635
2026-09-12T00:56:23.955Z,-2.6408045291900635
2026-09-12T00:56:24.963Z,-1.400607943534851
2026-09-12T00:56:24.964Z,-1.400607943534851
2026-09-12T00:56:25.971Z,-2.4013843536376953
2026-09-12T00:56:25.972Z,-2.4013843536376953
2026-09-12T00:56:26.98Z,-1.4652514457702637
2026-09-12T00:56:27.98Z,-1.1827356815338135
2026-09-12T00:56:27.981Z,-1.1827356815338135
2026-09-12T00:56:28.988Z,-0.7613561153411865
2026-09-12T00:56:28.989Z,-0.7613561153411865
2026-09-12T00:56:29.999Z,-1.1300631761550903
2026-09-12T00:56:30Z,-1.1300631761550903
2026-09-12T00:56:30.998Z,-1.1683704853057861
2026-09-12T00:56:32.005Z,-1.1085153818130493
2026-09-12T00:56:33.013Z,4.393360137939453
2026-09-12T00:56:33.014Z,4.393360137939453
2026-09-12T00:56:34.018Z,7.72399377822876
2026-09-12T00:56:34.019Z,7.72399377822876
2026-09-12T00:56:35.027Z,6.292261123657227
2026-09-12T00:56:35.028Z,6.292261123657227
2026-09-12T00:56:36.035Z,5.9211602210998535
2026-09-12T00:56:36.036Z,5.9211602210998535
2026-09-12T00:56:37.039Z,8.07354736328125
2026-09-12T00:56:37.041Z,8.07354736328125
2026-09-12T00:56:38.052Z,8.157344818115234
2026-09-12T00:56:38.054Z,8.157344818115234
2026-09-12T00:56:39.065Z,7.015310287475586
2026-09-12T00:56:40.081Z,6.4071831703186035
2026-09-12T00:56:40.082Z,6.4071831703186035
2026-09-12T00:56:41.083Z,7.22599983215332
2026-09-12T00:56:42.086Z,4.738125324249268
2026-09-12T00:56:42.087Z,4.738125324249268
2026-09-12T00:56:43.093Z,-1.482010841369629
2026-09-12T00:56:44.097Z,0.395043283700943
2026-09-12T00:56:44.099Z,0.395043283700943
2026-09-12T00:56:45.099Z,-0.569819986820221
2026-09-12T00:56:45.1Z,-0.569819986820221
2026-09-12T00:56:46.103Z,11.997644424438477
2026-09-12T00:56:47.108Z,8.576330184936523
2026-09-12T00:56:47.109Z,8.576330184936523
2026-09-12T00:56:48.109Z,-0.40462008118629456
2026-09-12T00:56:48.11Z,-0.40462008118629456
2026-09-12T00:56:49.123Z,-1.1516109704971313
2026-09-12T00:56:49.124Z,-1.1516109704971313
2026-09-12T00:56:50.118Z,-7.690474987030029
2026-09-12T00:56:50.119Z,-7.690474987030029
2026-09-12T00:56:51.127Z,-2.0422539710998535
2026-09-12T00:56:51.128Z,-2.0422539710998535
2026-09-12T00:56:52.127Z,-3.354276657104492
2026-09-12T00:56:52.128Z,-3.354276657104492
2026-09-12T00:56:53.136Z,24.81679916381836
2026-09-12T00:56:53.137Z,24.81679916381836
2026-09-12T00:56:54.143Z,37.77212142944336
2026-09-12T00:56:54.144Z,37.77212142944336
2026-09-12T00:56:55.156Z,35.27018356323242
2026-09-12T00:56:55.157Z,35.27018356323242
2026-09-12T00:56:56.169Z,-7.630620002746582
2026-09-12T00:56:57.169Z,-9.064746856689453
2026-09-12T00:56:57.17Z,-9.064746856689453
2026-09-12T00:56:58.18Z,2.4205379486083984
2026-09-12T00:56:58.181Z,2.4205379486083984
2026-09-12T00:56:59.187Z,-8.200440406799316
2026-09-12T00:56:59.188Z,-8.200440406799316
2026-09-12T00:57:00.194Z,-2.875436305999756
2026-09-12T00:57:00.196Z,-2.875436305999756
2026-09-12T00:57:01.201Z,1.8171991109848022
2026-09-12T00:57:02.205Z,4.1395745277404785
2026-09-12T00:57:02.206Z,4.1395745277404785
2026-09-12T00:57:03.213Z,0.10295066982507706
2026-09-12T00:57:03.214Z,0.10295066982507706
2026-09-12T00:57:04.221Z,6.665756702423096
2026-09-12T00:57:05.222Z,6.866869926452637
2026-09-12T00:57:06.23Z,7.412747859954834
2026-09-12T00:57:07.242Z,7.771877765655518
2026-09-12T00:57:07.243Z,7.771877765655518
2026-09-12T00:57:08.246Z,8.171710014343262
2026-09-12T00:57:08.247Z,8.171710014343262
2026-09-12T00:57:09.255Z,9.162909507751465
2026-09-12T00:57:09.256Z,9.162909507751465
2026-09-12T00:57:10.263Z,7.709628582000732
2026-09-12T00:57:10.264Z,7.709628582000732
2026-09-12T00:57:11.276Z,6.012139797210693
2026-09-12T00:57:11.277Z,6.012139797210693
2026-09-12T00:57:12.28Z,7.424718856811523
2026-09-12T00:57:12.281Z,7.424718856811523
2026-09-12T00:57:13.29Z,7.472602844238281
2026-09-12T00:57:13.292Z,7.472602844238281
2026-09-12T00:57:14.297Z,11.796530723571777
2026-09-12T00:57:14.299Z,11.796530723571777
2026-09-12T00:57:15.309Z,9.938630104064941
2026-09-12T00:57:15.31Z,9.938630104064941
2026-09-12T00:57:16.314Z,9.921871185302734
2026-09-12T00:57:16.316Z,9.921871185302734
2026-09-12T00:57:17.323Z,9.92665958404541
2026-09-12T00:57:18.333Z,9.933841705322266
2026-09-12T00:57:18.334Z,9.933841705322266
2026-09-12T00:57:19.337Z,9.914688110351562
2026-09-12T00:57:19.338Z,9.914688110351562
2026-09-12T00:57:20.341Z,9.919476509094238
2026-09-12T00:57:21.341Z,12.373533248901367
2026-09-12T00:57:21.342Z,12.373533248901367
2026-09-12T00:57:22.349Z,9.888352394104004
2026-09-12T00:57:22.35Z,9.888352394104004
2026-09-12T00:57:23.357Z,6.261136531829834
2026-09-12T00:57:23.358Z,6.261136531829834
2026-09-12T00:57:24.376Z,7.082347869873047
2026-09-12T00:57:24.379Z,7.082347869873047
2026-09-12T00:57:25.387Z,4.963479518890381
2026-09-12T00:57:25.404Z,4.963479518890381
2026-09-12T00:57:26.405Z,4.97545051574707
2026-09-12T00:57:26.412Z,4.97545051574707
2026-09-12T00:57:27.406Z,4.651933670043945
2026-09-12T00:57:27.408Z,4.651933670043945
2026-09-12T00:57:53.473Z,12.715904235839844
2026-09-12T00:57:53.481Z,12.715904235839844
2026-09-12T00:57:54.498Z,4.220977783203125
2026-09-12T00:57:54.499Z,4.220977783203125
2026-09-12T00:57:55.507Z,4.469974517822266
2026-09-12T00:57:55.51Z,4.469974517822266
2026-09-12T00:57:56.513Z,4.503493309020996
2026-09-12T00:57:57.52Z,10.283395767211914
2026-09-12T00:57:57.521Z,10.283395767211914
2026-09-12T00:57:58.529Z,9.967360496520996
2026-09-12T00:57:58.53Z,9.967360496520996
2026-09-12T00:57:59.53Z,9.943418502807617
2026-09-12T00:57:59.535Z,9.943418502807617
2026-09-12T00:58:00.539Z,9.924264907836914
2026-09-12T00:58:01.547Z,9.912294387817383
2026-09-12T00:58:01.548Z,9.912294387817383
2026-09-12T00:58:02.548Z,9.912294387817383
2026-09-12T00:58:02.549Z,9.912294387817383
2026-09-12T00:58:03.557Z,9.917082786560059
2026-09-12T00:58:03.558Z,9.917082786560059
2026-09-12T00:58:04.564Z,14.415787696838379
2026-09-12T00:58:04.569Z,14.415787696838379
2026-09-12T00:58:05.573Z,2.6815059185028076
2026-09-12T00:58:05.574Z,2.6815059185028076
2026-09-12T00:58:06.581Z,-5.648221015930176
2026-09-12T00:58:06.583Z,-5.648221015930176
2026-09-12T00:58:07.593Z,8.408735275268555
2026-09-12T00:58:07.595Z,8.408735275268555
2026-09-12T00:58:08.591Z,-6.799831867218018
2026-09-12T00:58:08.593Z,-6.799831867218018
2026-09-12T00:58:09.599Z,13.654431343078613
2026-09-12T00:58:09.604Z,13.654431343078613
2026-09-12T00:58:10.6Z,-9.359233856201172
2026-09-12T00:58:10.601Z,-9.359233856201172
2026-09-12T00:58:11.608Z,-5.140650272369385
2026-09-12T00:58:11.609Z,-5.140650272369385
2026-09-12T00:58:12.609Z,-12.126931190490723
2026-09-12T00:58:13.617Z,-12.50282096862793
2026-09-12T00:58:13.618Z,-12.50282096862793
2026-09-12T00:58:14.626Z,-7.810185432434082
2026-09-12T00:58:14.627Z,-7.810185432434082
2026-09-12T00:58:15.652Z,-5.638644218444824
2026-09-12T00:58:15.653Z,-5.638644218444824
2026-09-12T00:58:16.635Z,-8.715193748474121
2026-09-12T00:58:16.636Z,-8.715193748474121
2026-09-12T00:58:17.644Z,-4.807557106018066
2026-09-12T00:58:17.645Z,-4.807557106018066
2026-09-12T00:58:18.644Z,-4.129997730255127
2026-09-12T00:58:18.645Z,-4.129997730255127
2026-09-12T00:58:19.652Z,-4.683058738708496
2026-09-12T00:58:19.653Z,-4.683058738708496
2026-09-12T00:58:20.653Z,-3.998316764831543
2026-09-12T00:58:21.662Z,9.093477249145508
2026-09-12T00:58:21.663Z,9.093477249145508
2026-09-12T00:58:22.662Z,9.921871185302734
2026-09-12T00:58:22.664Z,9.921871185302734
2026-09-12T00:58:23.674Z,9.931447982788086
2026-09-12T00:58:23.675Z,9.931447982788086
2026-09-12T00:58:24.671Z,9.933841705322266
2026-09-12T00:58:24.672Z,9.933841705322266
2026-09-12T00:58:25.68Z,9.931447982788086
2026-09-12T00:58:25.681Z,9.931447982788086
2026-09-12T00:58:26.689Z,9.92905330657959
2026-09-12T00:58:27.692Z,9.931447982788086
2026-09-12T00:58:27.693Z,9.931447982788086
2026-09-12T00:58:28.691Z,9.92905330657959
2026-09-12T00:58:28.693Z,9.92905330657959
2026-09-12T00:58:29.699Z,9.92665958404541
2026-09-12T00:58:29.701Z,9.92665958404541
2026-09-12T00:58:30.7Z,9.917082786560059
2026-09-12T00:58:30.701Z,9.917082786560059
2026-09-12T00:58:31.709Z,9.92905330657959
2026-09-12T00:58:31.71Z,9.92905330657959
2026-09-12T00:58:32.718Z,9.938630104064941
2026-09-12T00:58:32.719Z,9.938630104064941
2026-09-12T00:58:33.718Z,9.936236381530762
2026-09-12T00:58:33.719Z,9.936236381530762
2026-09-12T00:58:34.726Z,9.941024780273438
2026-09-12T00:58:34.727Z,9.941024780273438
2026-09-12T00:58:35.735Z,9.038411140441895
2026-09-12T00:58:35.736Z,9.038411140441895
2026-09-12T00:58:36.735Z,16.539743423461914
2026-09-12T00:58:36.736Z,16.539743423461914
2026-09-12T00:58:37.743Z,9.756670951843262
2026-09-12T00:58:37.745Z,9.756670951843262
2026-09-12T00:58:38.752Z,9.450213432312012
2026-09-12T00:58:38.753Z,9.450213432312012
2026-09-12T00:58:39.753Z,10.764630317687988
2026-09-12T00:58:40.761Z,4.903624534606934
2026-09-12T00:58:40.762Z,4.903624534606934
2026-09-12T00:58:41.77Z,11.449371337890625
2026-09-12T00:58:41.771Z,11.449371337890625
2026-09-12T00:58:42.771Z,9.672874450683594
2026-09-12T00:58:42.772Z,9.672874450683594
2026-09-12T00:58:43.78Z,7.592312812805176
2026-09-12T00:58:43.781Z,7.592312812805176
2026-09-12T00:58:44.788Z,7.297826290130615
2026-09-12T00:58:44.789Z,7.297826290130615
2026-09-12T00:58:45.798Z,10.795754432678223
2026-09-12T00:58:45.799Z,10.795754432678223
2026-09-12T00:58:46.798Z,10.403105735778809
2026-09-12T00:58:46.799Z,10.403105735778809
2026-09-12T00:58:47.807Z,-9.378387451171875
2026-09-12T00:58:47.808Z,-9.378387451171875
2026-09-12T00:58:48.816Z,-5.538087844848633
2026-09-12T00:58:49.816Z,-6.146214962005615
2026-09-12T00:58:49.817Z,-6.146214962005615
2026-09-12T00:58:50.827Z,10.86758041381836
2026-09-12T00:58:50.828Z,10.86758041381836
2026-09-12T00:58:51.825Z,9.105448722839355
2026-09-12T00:58:51.827Z,9.105448722839355
2026-09-12T00:58:52.833Z,3.866635799407959
2026-09-12T00:58:52.835Z,3.866635799407959
2026-09-12T00:58:53.842Z,8.50210952758789
2026-09-12T00:58:53.843Z,8.50210952758789
2026-09-12T00:58:54.843Z,9.397541046142578
2026-09-12T00:58:54.844Z,9.397541046142578
2026-09-12T00:58:55.851Z,10.630555152893066
2026-09-12T00:58:55.853Z,10.630555152893066
2026-09-12T00:58:56.852Z,9.024045944213867
2026-09-12T00:58:56.853Z,9.024045944213867
2026-09-12T00:58:57.86Z,12.17720890045166
2026-09-12T00:58:57.861Z,12.17720890045166
2026-09-12T00:58:58.869Z,0.7230489253997803
2026-09-12T00:58:58.87Z,0.7230489253997803
2026-09-12T00:58:59.871Z,4.039018154144287
2026-09-12T00:59:00.879Z,3.5936968326568604
2026-09-12T00:59:01.885Z,12.919411659240723
2026-09-12T00:59:01.886Z,12.919411659240723
2026-09-12T00:59:02.887Z,4.572925090789795
2026-09-12T00:59:02.888Z,4.572925090789795
2026-09-12T00:59:03.898Z,13.810054779052734
2026-09-12T00:59:03.899Z,13.810054779052734
2026-09-12T00:59:04.897Z,12.284948348999023
2026-09-12T00:59:04.9Z,12.284948348999023
2026-09-12T00:59:05.905Z,-1.8914192914962769
2026-09-12T00:59:05.907Z,-1.8914192914962769
2026-09-12T00:59:06.908Z,0.23702596127986908
2026-09-12T00:59:07.915Z,8.767866134643555
2026-09-12T00:59:07.916Z,8.767866134643555
2026-09-12T00:59:08.923Z,7.273883819580078
2026-09-12T00:59:08.924Z,7.273883819580078
2026-09-12T00:59:09.931Z,-11.243470191955566
2026-09-12T00:59:09.933Z,-11.243470191955566
2026-09-12T00:59:10.932Z,-13.213898658752441
2026-09-12T00:59:10.935Z,-13.213898658752441
2026-09-12T00:59:11.94Z,-11.334449768066406
2026-09-12T00:59:11.942Z,-11.334449768066406
2026-09-12T00:59:12.949Z,-3.509899616241455
2026-09-12T00:59:12.95Z,-3.509899616241455
2026-09-12T00:59:13.957Z,2.6647465229034424
2026-09-12T00:59:13.959Z,2.6647465229034424
2026-09-12T00:59:14.958Z,6.519710540771484
2026-09-12T00:59:14.959Z,6.519710540771484
2026-09-12T00:59:15.966Z,6.519710540771484
2026-09-12T00:59:15.967Z,6.519710540771484
2026-09-12T00:59:16.967Z,10.711957931518555
2026-09-12T00:59:16.969Z,10.711957931518555
2026-09-12T00:59:17.976Z,6.792649269104004
2026-09-12T00:59:17.977Z,6.792649269104004
2026-09-12T00:59:18.983Z,8.147768020629883
2026-09-12T00:59:18.985Z,8.147768020629883
2026-09-12T00:59:19.992Z,8.147768020629883
2026-09-12T00:59:19.994Z,8.147768020629883
2026-09-12T00:59:21.002Z,8.145373344421387
2026-09-12T00:59:21.004Z,8.145373344421387
2026-09-12T00:59:22.01Z,9.093477249145508
2026-09-12T00:59:22.011Z,9.093477249145508
2026-09-12T00:59:23.019Z,5.629067420959473
2026-09-12T00:59:23.02Z,5.629067420959473
2026-09-12T00:59:24.027Z,5.629067420959473
2026-09-12T00:59:24.028Z,5.629067420959473
2026-09-12T00:59:25.035Z,3.840299606323242
2026-09-12T00:59:25.037Z,3.840299606323242
2026-09-12T00:59:26.037Z,3.840299606323242
2026-09-12T00:59:27.051Z,10.259453773498535
2026-09-12T00:59:27.052Z,10.259453773498535
2026-09-12T00:59:28.057Z,9.969755172729492
2026-09-12T00:59:28.06Z,9.969755172729492
2026-09-12T00:59:29.061Z,9.941024780273438
2026-09-12T00:59:29.062Z,9.941024780273438
2026-09-12T00:59:30.068Z,9.941024780273438
2026-09-12T00:59:30.071Z,9.941024780273438
2026-09-12T00:59:31.072Z,9.933841705322266
2026-09-12T00:59:31.076Z,9.933841705322266
2026-09-12T00:59:32.07Z,9.943418502807617
2026-09-12T00:59:32.072Z,9.943418502807617
2026-09-12T00:59:33.082Z,9.948206901550293
2026-09-12T00:59:33.085Z,9.948206901550293
2026-09-12T00:59:34.08Z,9.948206901550293
2026-09-12T00:59:34.081Z,9.948206901550293
2026-09-12T00:59:35.086Z,9.945813179016113
2026-09-12T00:59:35.088Z,9.945813179016113
2026-09-12T00:59:36.096Z,9.952995300292969
2026-09-12T00:59:36.097Z,9.952995300292969
2026-09-12T00:59:37.105Z,9.952995300292969
2026-09-12T00:59:37.106Z,9.952995300292969
2026-09-12T00:59:38.106Z,9.938630104064941
2026-09-12T00:59:39.113Z,9.902717590332031
2026-09-12T00:59:39.114Z,9.902717590332031
2026-09-12T00:59:40.122Z,9.905111312866211
2026-09-12T00:59:40.123Z,9.905111312866211
2026-09-12T00:59:41.131Z,9.92905330657959
2026-09-12T00:59:41.132Z,9.92905330657959
2026-09-12T00:59:42.131Z,9.907505989074707
2026-09-12T00:59:42.132Z,9.907505989074707
2026-09-12T00:59:43.139Z,9.890746116638184
2026-09-12T00:59:43.14Z,9.890746116638184
2026-09-12T00:59:44.148Z,9.907505989074707
2026-09-12T00:59:44.149Z,9.907505989074707
2026-09-12T00:59:45.161Z,9.919476509094238
2026-09-12T00:59:45.163Z,9.919476509094238
2026-09-12T00:59:46.177Z,9.902717590332031
2026-09-12T00:59:46.181Z,9.902717590332031
2026-09-12T00:59:47.166Z,9.92665958404541
2026-09-12T00:59:47.167Z,9.92665958404541
2026-09-12T00:59:48.177Z,9.919476509094238
2026-09-12T00:59:48.18Z,9.919476509094238
2026-09-12T00:59:49.176Z,9.900322914123535
2026-09-12T00:59:49.178Z,9.900322914123535
2026-09-12T00:59:50.188Z,9.936236381530762
2026-09-12T00:59:50.19Z,9.936236381530762
2026-09-12T00:59:51.188Z,9.950601577758789
2026-09-12T00:59:51.189Z,9.950601577758789
2026-09-12T00:59:52.195Z,9.938630104064941
2026-09-12T00:59:52.196Z,9.938630104064941
2026-09-12T00:59:53.198Z,9.92905330657959
2026-09-12T00:59:53.199Z,9.92905330657959
2026-09-12T00:59:54.202Z,9.936236381530762
2026-09-12T00:59:54.203Z,9.936236381530762
2026-09-12T00:59:55.206Z,9.943418502807617
2026-09-12T00:59:55.207Z,9.943418502807617
2026-09-12T00:59:56.22Z,9.945813179016113
2026-09-12T00:59:56.224Z,9.945813179016113
2026-09-12T00:59:57.214Z,9.952995300292969
2026-09-12T00:59:57.216Z,9.952995300292969
2026-09-12T00:59:58.22Z,9.950601577758789
2026-09-12T00:59:58.221Z,9.950601577758789
2026-09-12T00:59:59.221Z,9.943418502807617
2026-09-12T01:00:00.229Z,9.574711799621582
2026-09-12T01:00:00.23Z,9.574711799621582
2026-09-12T01:00:01.23Z,9.943418502807617
2026-09-12T01:00:02.237Z,9.952995300292969
2026-09-12T01:00:02.238Z,9.952995300292969
2026-09-12T01:00:03.239Z,9.948206901550293
2026-09-12T01:00:03.241Z,9.948206901550293
2026-09-12T01:00:04.248Z,9.952995300292969
2026-09-12T01:00:04.249Z,9.952995300292969
2026-09-12T01:00:05.247Z,9.739912033081055
2026-09-12T01:00:05.248Z,9.739912033081055
2026-09-12T01:00:06.257Z,9.938630104064941
2026-09-12T01:00:06.258Z,9.938630104064941
2026-09-12T01:00:07.264Z,9.938630104064941
2026-09-12T01:00:07.266Z,9.938630104064941
2026-09-12T01:00:08.272Z,9.979331970214844
2026-09-12T01:00:08.274Z,9.979331970214844
2026-09-12T01:00:09.274Z,9.957783699035645
2026-09-12T01:00:09.276Z,9.957783699035645
2026-09-12T01:00:10.282Z,10.07509994506836
2026-09-12T01:00:10.283Z,10.07509994506836
2026-09-12T01:00:11.29Z,9.96017837524414
2026-09-12T01:00:11.291Z,9.96017837524414
2026-09-12T01:00:12.298Z,9.96017837524414
2026-09-12T01:00:12.3Z,9.96017837524414
2026-09-12T01:00:13.3Z,9.96017837524414
2026-09-12T01:00:13.301Z,9.96017837524414
2026-09-12T01:00:14.308Z,9.938630104064941
2026-09-12T01:00:14.309Z,9.938630104064941
2026-09-12T01:00:15.309Z,9.950601577758789
2026-09-12T01:00:15.31Z,9.950601577758789
2026-09-12T01:00:16.321Z,9.96017837524414
2026-09-12T01:00:16.325Z,9.96017837524414
2026-09-12T01:00:17.332Z,9.967360496520996
2026-09-12T01:00:17.335Z,9.967360496520996
2026-09-12T01:00:18.327Z,9.964966773986816
2026-09-12T01:00:18.33Z,9.964966773986816
2026-09-12T01:00:19.339Z,9.957783699035645
2026-09-12T01:00:19.342Z,9.957783699035645
2026-09-12T01:00:20.335Z,10.024822235107422
2026-09-12T01:00:20.337Z,10.024822235107422
2026-09-12T01:00:21.346Z,8.92348861694336
2026-09-12T01:00:21.35Z,8.92348861694336
2026-09-12T01:00:22.352Z,10.01763916015625
2026-09-12T01:00:22.354Z,10.01763916015625
2026-09-12T01:00:23.354Z,9.941024780273438
2026-09-12T01:00:23.355Z,9.941024780273438
2026-09-12T01:00:24.362Z,9.936236381530762
2026-09-12T01:00:24.363Z,9.936236381530762
2026-09-12T01:00:25.372Z,9.957783699035645
2026-09-12T01:00:25.373Z,9.957783699035645
2026-09-12T01:00:26.372Z,9.921871185302734
2026-09-12T01:00:26.373Z,9.921871185302734
2026-09-12T01:00:27.373Z,9.936236381530762
2026-09-12T01:00:28.382Z,9.957783699035645
2026-09-12T01:00:28.384Z,9.957783699035645
2026-09-12T01:00:29.382Z,9.957783699035645
2026-09-12T01:00:29.384Z,9.957783699035645
2026-09-12T01:00:30.396Z,9.924264907836914
2026-09-12T01:00:30.4Z,9.924264907836914
2026-09-12T01:00:31.399Z,9.931447982788086
2026-09-12T01:00:31.402Z,9.931447982788086
2026-09-12T01:00:32.408Z,9.92905330657959
2026-09-12T01:00:32.41Z,9.92905330657959
2026-09-12T01:00:33.429Z,9.938630104064941
2026-09-12T01:00:33.432Z,9.938630104064941
2026-09-12T01:00:34.426Z,9.952995300292969
2026-09-12T01:00:34.427Z,9.952995300292969
2026-09-12T01:00:35.437Z,9.96017837524414
2026-09-12T01:00:35.44Z,9.96017837524414
2026-09-12T01:00:36.427Z,9.96257209777832
2026-09-12T01:00:36.437Z,9.96257209777832
2026-09-12T01:00:37.436Z,9.96017837524414
2026-09-12T01:00:37.437Z,9.96017837524414
2026-09-12T01:00:38.437Z,9.941024780273438
2026-09-12T01:00:39.446Z,9.955389976501465
2026-09-12T01:00:39.447Z,9.955389976501465
2026-09-12T01:00:40.456Z,9.957783699035645
2026-09-12T01:00:40.457Z,9.957783699035645
2026-09-12T01:00:41.463Z,9.948206901550293
2026-09-12T01:00:41.464Z,9.948206901550293
2026-09-12T01:00:42.472Z,9.957783699035645
2026-09-12T01:00:42.473Z,9.957783699035645
2026-09-12T01:00:43.48Z,9.950601577758789
2026-09-12T01:00:43.481Z,9.950601577758789
2026-09-12T01:00:44.48Z,9.96257209777832
2026-09-12T01:00:45.497Z,9.974543571472168
2026-09-12T01:00:45.498Z,9.974543571472168
2026-09-12T01:00:46.492Z,9.957783699035645
2026-09-12T01:00:46.493Z,9.957783699035645
2026-09-12T01:00:47.504Z,9.96017837524414
2026-09-12T01:00:47.505Z,9.96017837524414
2026-09-12T01:00:48.516Z,9.938630104064941
2026-09-12T01:00:49.51Z,9.967360496520996
2026-09-12T01:00:49.511Z,9.967360496520996
2026-09-12T01:00:50.511Z,9.957783699035645
2026-09-12T01:00:50.512Z,9.957783699035645
2026-09-12T01:00:51.519Z,9.955389976501465
2026-09-12T01:00:51.52Z,9.955389976501465
2026-09-12T01:00:52.525Z,9.96257209777832
2026-09-12T01:00:52.526Z,9.96257209777832
2026-09-12T01:00:53.52Z,9.943418502807617
2026-09-12T01:00:53.521Z,9.943418502807617
2026-09-12T01:00:54.531Z,9.957783699035645
2026-09-12T01:00:54.534Z,9.957783699035645
2026-09-12T01:00:55.532Z,9.941024780273438
2026-09-12T01:00:55.533Z,9.941024780273438
2026-09-12T01:00:56.537Z,9.938630104064941
2026-09-12T01:00:56.54Z,9.938630104064941
2026-09-12T01:00:57.539Z,10.000880241394043
2026-09-12T01:00:57.54Z,10.000880241394043
2026-09-12T01:00:58.548Z,9.950601577758789
2026-09-12T01:00:58.549Z,9.950601577758789
2026-09-12T01:00:59.558Z,9.950601577758789
2026-09-12T01:00:59.56Z,9.950601577758789
2026-09-12T01:01:00.559Z,9.938630104064941
2026-09-12T01:01:00.56Z,9.938630104064941
2026-09-12T01:01:01.569Z,9.96017837524414
2026-09-12T01:01:01.57Z,9.96017837524414
2026-09-12T01:01:02.577Z,9.945813179016113
2026-09-12T01:01:02.581Z,9.945813179016113
2026-09-12T01:01:03.593Z,9.964966773986816
2026-09-12T01:01:03.597Z,9.964966773986816
2026-09-12T01:01:04.597Z,9.952995300292969
2026-09-12T01:01:04.598Z,9.952995300292969
2026-09-12T01:01:05.598Z,9.955389976501465
2026-09-12T01:01:05.602Z,9.955389976501465
2026-09-12T01:01:06.608Z,9.967360496520996
2026-09-12T01:01:06.611Z,9.967360496520996
2026-09-12T01:01:07.611Z,9.955389976501465
2026-09-12T01:01:08.626Z,9.96257209777832
2026-09-12T01:01:08.63Z,9.96257209777832
2026-09-12T01:01:09.635Z,9.952995300292969
2026-09-12T01:01:09.636Z,9.952995300292969
2026-09-12T01:01:10.642Z,9.933841705322266
2026-09-12T01:01:10.644Z,9.933841705322266
2026-09-12T01:01:11.654Z,9.964966773986816
2026-09-12T01:01:11.655Z,9.964966773986816
2026-09-12T01:01:12.665Z,9.92905330657959
2026-09-12T01:01:12.668Z,9.92905330657959
2026-09-12T01:01:13.658Z,9.957783699035645
2026-09-12T01:01:13.659Z,9.957783699035645
2026-09-12T01:01:14.663Z,9.96257209777832
2026-09-12T01:01:14.667Z,9.96257209777832
2026-09-12T01:01:15.669Z,9.941024780273438
2026-09-12T01:01:15.67Z,9.941024780273438
2026-09-12T01:01:16.681Z,9.943418502807617
2026-09-12T01:01:16.684Z,9.943418502807617
2026-09-12T01:01:17.676Z,9.96017837524414
2026-09-12T01:01:17.678Z,9.96017837524414
2026-09-12T01:01:18.679Z,9.945813179016113
2026-09-12T01:01:18.683Z,9.945813179016113
2026-09-12T01:01:19.685Z,9.96017837524414
2026-09-12T01:01:19.687Z,9.96017837524414
2026-09-12T01:01:20.694Z,9.969755172729492
2026-09-12T01:01:20.696Z,9.969755172729492
2026-09-12T01:01:21.703Z,9.96017837524414
2026-09-12T01:01:21.704Z,9.96017837524414
2026-09-12T01:01:22.712Z,9.952995300292969
2026-09-12T01:01:22.714Z,9.952995300292969
2026-09-12T01:01:23.721Z,9.96017837524414
2026-09-12T01:01:24.735Z,9.96017837524414
2026-09-12T01:01:24.738Z,9.96017837524414
2026-09-12T01:01:25.739Z,9.92905330657959
2026-09-12T01:01:25.741Z,9.92905330657959
2026-09-12T01:01:26.748Z,9.919476509094238
2026-09-12T01:01:26.749Z,9.919476509094238
2026-09-12T01:01:27.758Z,9.96017837524414
2026-09-12T01:01:27.759Z,9.96017837524414
2026-09-12T01:01:28.774Z,9.943418502807617
2026-09-12T01:01:28.778Z,9.943418502807617
2026-09-12T01:01:29.78Z,9.964966773986816
2026-09-12T01:01:29.781Z,9.964966773986816
2026-09-12T01:01:30.784Z,9.974543571472168
2026-09-12T01:01:30.786Z,9.974543571472168
2026-09-12T01:01:31.797Z,9.96257209777832
2026-09-12T01:01:31.799Z,9.96257209777832
2026-09-12T01:01:32.808Z,9.948206901550293
2026-09-12T01:01:32.812Z,9.948206901550293
2026-09-12T01:01:33.815Z,9.96017837524414
2026-09-12T01:01:33.817Z,9.96017837524414
2026-09-12T01:01:34.822Z,9.964966773986816
2026-09-12T01:01:34.823Z,9.964966773986816
2026-09-12T01:01:35.831Z,9.945813179016113
2026-09-12T01:01:35.832Z,9.945813179016113
2026-09-12T01:01:36.844Z,9.96017837524414
2026-09-12T01:01:36.845Z,9.96017837524414
2026-09-12T01:01:37.845Z,9.988908767700195
2026-09-12T01:01:37.849Z,9.988908767700195
2026-09-12T01:01:38.843Z,9.957783699035645
2026-09-12T01:01:38.847Z,9.957783699035645
2026-09-12T01:01:39.852Z,9.96017837524414
2026-09-12T01:01:39.853Z,9.96017837524414
2026-09-12T01:01:40.855Z,9.945813179016113
2026-09-12T01:01:40.857Z,9.945813179016113
2026-09-12T01:01:41.853Z,9.945813179016113
2026-09-12T01:01:41.857Z,9.945813179016113
2026-09-12T01:01:42.867Z,9.969755172729492
2026-09-12T01:01:42.87Z,9.969755172729492
2026-09-12T01:01:43.868Z,9.988908767700195
2026-09-12T01:01:43.872Z,9.988908767700195
2026-09-12T01:01:44.876Z,9.96017837524414
2026-09-12T01:01:44.878Z,9.96017837524414
2026-09-12T01:01:45.886Z,9.972148895263672
2026-09-12T01:01:46.9Z,9.964966773986816
2026-09-12T01:01:46.901Z,9.964966773986816
2026-09-12T01:01:47.902Z,9.941024780273438
2026-09-12T01:01:47.903Z,9.941024780273438
2026-09-12T01:01:48.904Z,9.993697166442871
2026-09-12T01:01:48.905Z,9.993697166442871
2026-09-12T01:01:49.913Z,9.955389976501465
2026-09-12T01:01:49.916Z,9.955389976501465
2026-09-12T01:01:50.917Z,9.974543571472168
2026-09-12T01:01:50.92Z,9.974543571472168
2026-09-12T01:01:51.922Z,9.96257209777832
2026-09-12T01:01:51.925Z,9.96257209777832
2026-09-12T01:01:52.925Z,9.950601577758789
2026-09-12T01:01:52.926Z,9.950601577758789
2026-09-12T01:01:53.932Z,9.950601577758789
2026-09-12T01:01:53.934Z,9.950601577758789
2026-09-12T01:01:54.941Z,9.96017837524414
2026-09-12T01:01:54.946Z,9.96017837524414
2026-09-12T01:01:55.954Z,9.938630104064941
2026-09-12T01:01:55.955Z,9.938630104064941
2026-09-12T01:01:56.959Z,9.981725692749023
2026-09-12T01:01:56.96Z,9.981725692749023
2026-09-12T01:01:57.968Z,9.98412036895752
2026-09-12T01:01:57.972Z,9.98412036895752
2026-09-12T01:01:58.969Z,9.89314079284668
2026-09-12T01:01:58.97Z,9.89314079284668
2026-09-12T01:01:59.979Z,9.902717590332031
2026-09-12T01:01:59.98Z,9.902717590332031
2026-09-12T01:02:00.98Z,9.914688110351562
2026-09-12T01:02:00.981Z,9.914688110351562
2026-09-12T01:02:01.991Z,9.873987197875977
2026-09-12T01:02:01.992Z,9.873987197875977
2026-09-12T01:02:02.991Z,9.850045204162598
2026-09-12T01:02:02.994Z,9.850045204162598
2026-09-12T01:02:03.998Z,10.041581153869629
2026-09-12T01:02:03.999Z,10.041581153869629
2026-09-12T01:02:05.013Z,9.964966773986816
2026-09-12T01:02:05.016Z,9.964966773986816
2026-09-12T01:02:06.008Z,9.938630104064941
2026-09-12T01:02:06.01Z,9.938630104064941
2026-09-12T01:02:07.013Z,9.957783699035645
2026-09-12T01:02:07.015Z,9.957783699035645
2026-09-12T01:02:08.015Z,9.852438926696777
2026-09-12T01:02:08.017Z,9.852438926696777
2026-09-12T01:02:09.012Z,9.943418502807617
2026-09-12T01:02:09.014Z,9.943418502807617
2026-09-12T01:02:10.022Z,9.83568000793457
2026-09-12T01:02:11.023Z,9.964966773986816
2026-09-12T01:02:11.024Z,9.964966773986816
2026-09-12T01:02:12.024Z,9.950601577758789
2026-09-12T01:02:12.025Z,9.950601577758789
2026-09-12T01:02:13.022Z,9.917082786560059
2026-09-12T01:02:14.023Z,9.936236381530762
2026-09-12T01:02:14.024Z,9.936236381530762
2026-09-12T01:02:15.032Z,9.96257209777832
2026-09-12T01:02:15.033Z,9.96257209777832
2026-09-12T01:02:16.032Z,9.943418502807617
2026-09-12T01:02:16.034Z,9.943418502807617
2026-09-12T01:02:17.033Z,9.967360496520996
2026-09-12T01:02:17.034Z,9.967360496520996
2026-09-12T01:02:18.04Z,9.967360496520996
2026-09-12T01:02:18.041Z,9.967360496520996
2026-09-12T01:02:19.035Z,9.96257209777832
2026-09-12T01:02:19.036Z,9.96257209777832
2026-09-12T01:02:20.043Z,9.952995300292969
2026-09-12T01:02:20.044Z,9.952995300292969
2026-09-12T01:02:21.049Z,9.92665958404541
2026-09-12T01:02:21.051Z,9.92665958404541
2026-09-12T01:02:22.045Z,9.948206901550293
2026-09-12T01:02:22.046Z,9.948206901550293
2026-09-12T01:02:23.046Z,9.957783699035645
2026-09-12T01:02:23.047Z,9.957783699035645
2026-09-12T01:02:24.048Z,9.938630104064941
2026-09-12T01:02:24.049Z,9.938630104064941
2026-09-12T01:02:25.059Z,9.943418502807617
2026-09-12T01:02:26.066Z,9.967360496520996
2026-09-12T01:02:26.07Z,9.967360496520996
2026-09-12T01:02:27.071Z,9.972148895263672
2026-09-12T01:02:27.075Z,9.972148895263672
2026-09-12T01:02:28.076Z,9.955389976501465
2026-09-12T01:02:28.077Z,9.955389976501465
2026-09-12T01:02:29.077Z,9.96017837524414
2026-09-12T01:02:30.093Z,9.950601577758789
2026-09-12T01:02:30.097Z,9.950601577758789
2026-09-12T01:02:31.085Z,9.955389976501465
2026-09-12T01:02:31.086Z,9.955389976501465
2026-09-12T01:02:32.087Z,9.950601577758789
2026-09-12T01:02:32.088Z,9.950601577758789
2026-09-12T01:02:33.089Z,9.981725692749023
2026-09-12T01:02:33.09Z,9.981725692749023
2026-09-12T01:02:34.088Z,9.981725692749023
2026-09-12T01:02:34.089Z,9.981725692749023
2026-09-12T01:02:35.096Z,9.943418502807617
2026-09-12T01:02:35.097Z,9.943418502807617
2026-09-12T01:02:36.106Z,9.976937294006348
2026-09-12T01:02:36.109Z,9.976937294006348
2026-09-12T01:02:37.107Z,9.957783699035645
2026-09-12T01:02:37.108Z,9.957783699035645
2026-09-12T01:02:38.109Z,9.952995300292969
2026-09-12T01:02:38.11Z,9.952995300292969
2026-09-12T01:02:39.117Z,9.955389976501465
2026-09-12T01:02:39.118Z,9.955389976501465
2026-09-12T01:02:40.127Z,9.945813179016113
2026-09-12T01:02:40.128Z,9.945813179016113
2026-09-12T01:02:41.127Z,9.950601577758789
2026-09-12T01:02:42.136Z,9.964966773986816
2026-09-12T01:02:42.137Z,9.964966773986816
2026-09-12T01:02:43.136Z,9.941024780273438
2026-09-12T01:02:43.137Z,9.941024780273438
2026-09-12T01:02:44.138Z,9.924264907836914
2026-09-12T01:02:44.139Z,9.924264907836914
2026-09-12T01:02:45.139Z,9.976937294006348
2026-09-12T01:02:45.14Z,9.976937294006348
2026-09-12T01:02:46.145Z,9.952995300292969
2026-09-12T01:02:46.154Z,9.952995300292969
2026-09-12T01:02:47.141Z,9.96017837524414
2026-09-12T01:02:48.141Z,9.950601577758789
2026-09-12T01:02:48.142Z,9.950601577758789
2026-09-12T01:02:49.15Z,15.32348918914795
2026-09-12T01:02:49.151Z,15.32348918914795
2026-09-12T01:02:50.152Z,-8.389581680297852
2026-09-12T01:02:50.153Z,-8.389581680297852
2026-09-12T01:02:51.154Z,-9.919476509094238
2026-09-12T01:02:52.159Z,-0.2849099934101105
2026-09-12T01:02:52.163Z,-0.2849099934101105
2026-09-12T01:02:53.155Z,-2.276885747909546
2026-09-12T01:02:53.157Z,-2.276885747909546
2026-09-12T01:02:54.17Z,-7.972990989685059
2026-09-12T01:02:54.173Z,-7.972990989685059
2026-09-12T01:02:55.175Z,-5.770325183868408
2026-09-12T01:02:55.179Z,-5.770325183868408
2026-09-12T01:02:56.177Z,-8.387187957763672
2026-09-12T01:02:56.178Z,-8.387187957763672
2026-09-12T01:02:57.177Z,-7.269095420837402
2026-09-12T01:02:57.179Z,-7.269095420837402
2026-09-12T01:02:58.169Z,3.734954595565796
2026-09-12T01:02:58.173Z,3.734954595565796
2026-09-12T01:02:59.176Z,-8.200440406799316
2026-09-12T01:02:59.177Z,-8.200440406799316
2026-09-12T01:03:00.176Z,-10.070311546325684
2026-09-12T01:03:00.18Z,-10.070311546325684
2026-09-12T01:03:01.171Z,2.190694570541382
2026-09-12T01:03:01.174Z,2.190694570541382
2026-09-12T01:03:02.177Z,-8.538022994995117
2026-09-12T01:03:02.182Z,-8.538022994995117
2026-09-12T01:03:03.174Z,-9.105448722839355
2026-09-12T01:03:03.179Z,-9.105448722839355
2026-09-12T01:03:04.174Z,-8.894758224487305
2026-09-12T01:03:04.182Z,-8.894758224487305
2026-09-12T01:03:05.179Z,-9.198822021484375
2026-09-12T01:03:05.18Z,-9.198822021484375
2026-09-12T01:03:06.186Z,0.6943184733390808
2026-09-12T01:03:06.19Z,0.6943184733390808
2026-09-12T01:03:07.189Z,-11.830049514770508
2026-09-12T01:03:07.193Z,-11.830049514770508
2026-09-12T01:03:08.186Z,-5.5452704429626465
2026-09-12T01:03:08.189Z,-5.5452704429626465
2026-09-12T01:03:09.196Z,-6.799831867218018
2026-09-12T01:03:09.197Z,-6.799831867218018
2026-09-12T01:03:10.2Z,-8.578723907470703
2026-09-12T01:03:10.201Z,-8.578723907470703
2026-09-12T01:03:11.206Z,-7.348104476928711
2026-09-12T01:03:11.21Z,-7.348104476928711
2026-09-12T01:03:12.198Z,-3.9408559799194336
2026-09-12T01:03:12.202Z,-3.9408559799194336
2026-09-12T01:03:13.205Z,-3.5386300086975098
2026-09-12T01:03:13.209Z,-3.5386300086975098
2026-09-12T01:03:14.203Z,-10.829273223876953
2026-09-12T01:03:14.204Z,-10.829273223876953
2026-09-12T01:03:15.212Z,-9.44303035736084
2026-09-12T01:03:15.213Z,-9.44303035736084
2026-09-12T01:03:16.21Z,-9.44303035736084
2026-09-12T01:03:16.214Z,-9.44303035736084
2026-09-12T01:03:17.211Z,5.030517101287842
2026-09-12T01:03:17.212Z,5.030517101287842
2026-09-12T01:03:18.212Z,8.818143844604492
2026-09-12T01:03:18.213Z,8.818143844604492
2026-09-12T01:03:19.213Z,-18.52214241027832
2026-09-12T01:03:20.221Z,1.5394717454910278
2026-09-12T01:03:20.222Z,1.5394717454910278
2026-09-12T01:03:21.223Z,-2.918531894683838
2026-09-12T01:03:21.224Z,-2.918531894683838
2026-09-12T01:03:22.223Z,-6.91954231262207
2026-09-12T01:03:22.224Z,-6.91954231262207
2026-09-12T01:03:23.224Z,-5.114314079284668
2026-09-12T01:03:23.227Z,-5.114314079284668
2026-09-12T01:03:24.235Z,-3.8163576126098633
2026-09-12T01:03:24.238Z,-3.8163576126098633
2026-09-12T01:03:25.239Z,-7.929895401000977
2026-09-12T01:03:25.243Z,-7.929895401000977
2026-09-12T01:03:26.243Z,2.7030537128448486
2026-09-12T01:03:26.247Z,2.7030537128448486
2026-09-12T01:03:27.254Z,-11.241076469421387
2026-09-12T01:03:27.258Z,-11.241076469421387
2026-09-12T01:03:28.252Z,2.190694570541382
2026-09-12T01:03:28.253Z,2.190694570541382
2026-09-12T01:03:29.249Z,9.402329444885254
2026-09-12T01:03:29.25Z,9.402329444885254
2026-09-12T01:03:30.256Z,0.6272808313369751
2026-09-12T01:03:31.258Z,-1.656787633895874
2026-09-12T01:03:31.259Z,-1.656787633895874
2026-09-12T01:03:32.263Z,-11.083059310913086
2026-09-12T01:03:32.266Z,-11.083059310913086
2026-09-12T01:03:33.267Z,15.325883865356445
2026-09-12T01:03:33.268Z,15.325883865356445
2026-09-12T01:03:34.259Z,-8.92109489440918
2026-09-12T01:03:34.26Z,-8.92109489440918
2026-09-12T01:03:35.272Z,12.859556198120117
2026-09-12T01:03:35.273Z,12.859556198120117
2026-09-12T01:03:36.269Z,-9.28261947631836
2026-09-12T01:03:36.27Z,-9.28261947631836
2026-09-12T01:03:37.286Z,-10.187627792358398
2026-09-12T01:03:37.29Z,-10.187627792358398
2026-09-12T01:03:38.292Z,12.9026517868042
2026-09-12T01:03:38.293Z,12.9026517868042
2026-09-12T01:03:39.294Z,-9.232340812683105
2026-09-12T01:03:39.295Z,-9.232340812683105
2026-09-12T01:03:40.303Z,5.674557209014893
2026-09-12T01:03:40.307Z,5.674557209014893
2026-09-12T01:03:41.3Z,2.3319525718688965
2026-09-12T01:03:41.304Z,2.3319525718688965
2026-09-12T01:03:42.32Z,-9.92905330657959
2026-09-12T01:03:42.324Z,-9.92905330657959
2026-09-12T01:03:43.314Z,-8.475772857666016
2026-09-12T01:03:43.317Z,-8.475772857666016
2026-09-12T01:03:44.319Z,4.338293552398682
2026-09-12T01:03:44.321Z,4.338293552398682
2026-09-12T01:03:45.318Z,-1.821987509727478
2026-09-12T01:03:45.319Z,-1.821987509727478
2026-09-12T01:03:46.321Z,-0.15562310814857483
2026-09-12T01:03:46.323Z,-0.15562310814857483
2026-09-12T01:03:47.328Z,3.8163576126098633
2026-09-12T01:03:47.33Z,3.8163576126098633
2026-09-12T01:03:48.329Z,-8.279448509216309
2026-09-12T01:03:48.336Z,-8.279448509216309
2026-09-12T01:03:49.33Z,1.6639702320098877
2026-09-12T01:03:49.332Z,1.6639702320098877
2026-09-12T01:03:50.331Z,-5.109525680541992
2026-09-12T01:03:50.332Z,-5.109525680541992
2026-09-12T01:03:51.332Z,14.525920867919922
2026-09-12T01:03:51.333Z,14.525920867919922
2026-09-12T01:03:52.341Z,8.77265453338623
2026-09-12T01:03:53.343Z,5.497386455535889
2026-09-12T01:03:53.344Z,5.497386455535889
2026-09-12T01:03:54.345Z,14.667179107666016
2026-09-12T01:03:55.344Z,-6.29944372177124
2026-09-12T01:03:55.345Z,-6.29944372177124
2026-09-12T01:03:56.348Z,10.151714324951172
2026-09-12T01:03:56.35Z,10.151714324951172
2026-09-12T01:03:57.346Z,4.517858505249023
2026-09-12T01:03:57.347Z,4.517858505249023
2026-09-12T01:03:58.349Z,0.6560112833976746
2026-09-12T01:03:59.349Z,7.477391242980957
2026-09-12T01:03:59.35Z,7.477391242980957
2026-09-12T01:04:00.35Z,7.85806941986084
2026-09-12T01:04:01.358Z,-5.660192012786865
2026-09-12T01:04:01.359Z,-5.660192012786865
2026-09-12T01:04:02.359Z,-15.560515403747559
2026-09-12T01:04:02.36Z,-15.560515403747559
2026-09-12T01:04:03.36Z,19.79585838317871
2026-09-12T01:04:04.373Z,0.9864110946655273
2026-09-12T01:04:05.372Z,-11.099818229675293
2026-09-12T01:04:05.376Z,-11.099818229675293
2026-09-12T01:04:06.381Z,13.920187950134277
2026-09-12T01:04:06.391Z,13.920187950134277
2026-09-12T01:04:07.389Z,3.6774938106536865
2026-09-12T01:04:07.393Z,3.6774938106536865
2026-09-12T01:04:08.404Z,-8.07354736328125
2026-09-12T01:04:09.399Z,-3.1747114658355713
2026-09-12T01:04:09.4Z,-3.1747114658355713
2026-09-12T01:04:10.399Z,8.65054988861084
2026-09-12T01:04:11.411Z,11.344026565551758
2026-09-12T01:04:11.412Z,11.344026565551758
2026-09-12T01:04:12.42Z,-10.046369552612305
2026-09-12T01:04:12.423Z,-10.046369552612305
2026-09-12T01:04:13.429Z,-9.285013198852539
2026-09-12T01:04:13.43Z,-9.285013198852539
2026-09-12T01:04:14.427Z,-8.842085838317871
2026-09-12T01:04:14.428Z,-8.842085838317871
2026-09-12T01:04:15.436Z,-9.165303230285645
2026-09-12T01:04:16.437Z,-2.1164743900299072
2026-09-12T01:04:16.438Z,-2.1164743900299072
2026-09-12T01:04:17.448Z,8.978555679321289
2026-09-12T01:04:17.449Z,8.978555679321289
2026-09-12T01:04:18.455Z,-7.8437042236328125
2026-09-12T01:04:18.456Z,-7.8437042236328125
2026-09-12T01:04:19.471Z,0.5027823448181152
2026-09-12T01:04:19.475Z,0.5027823448181152
2026-09-12T01:04:20.466Z,6.335357189178467
2026-09-12T01:04:20.467Z,6.335357189178467
2026-09-12T01:04:21.476Z,-1.335964560508728
2026-09-12T01:04:21.477Z,-1.335964560508728
2026-09-12T01:04:22.484Z,9.064746856689453
2026-09-12T01:04:22.485Z,9.064746856689453
2026-09-12T01:04:23.484Z,9.670479774475098
2026-09-12T01:04:23.486Z,9.670479774475098
2026-09-12T01:04:24.493Z,9.711181640625
2026-09-12T01:04:24.494Z,9.711181640625
2026-09-12T01:04:25.495Z,5.619490623474121
2026-09-12T01:04:25.496Z,5.619490623474121
2026-09-12T01:04:26.495Z,9.955389976501465
2026-09-12T01:04:26.496Z,9.955389976501465
2026-09-12T01:04:27.496Z,9.9865140914917
2026-09-12T01:04:27.497Z,9.9865140914917
2026-09-12T01:04:28.505Z,9.902717590332031
2026-09-12T01:04:29.508Z,9.950601577758789
2026-09-12T01:04:29.509Z,9.950601577758789
2026-09-12T01:04:30.507Z,9.941024780273438
2026-09-12T01:04:30.509Z,9.941024780273438
2026-09-12T01:04:31.509Z,9.974543571472168
2026-09-12T01:04:31.51Z,9.974543571472168
2026-09-12T01:04:32.516Z,9.866804122924805
2026-09-12T01:04:32.518Z,9.866804122924805
2026-09-12T01:04:33.518Z,9.955389976501465
2026-09-12T01:04:33.519Z,9.955389976501465
2026-09-12T01:04:34.521Z,11.87314510345459
2026-09-12T01:04:34.522Z,11.87314510345459
2026-09-12T01:04:35.521Z,12.009614944458008
2026-09-12T01:04:35.522Z,12.009614944458008
2026-09-12T01:04:36.529Z,7.23797082901001
2026-09-12T01:04:36.53Z,7.23797082901001
2026-09-12T01:04:37.533Z,-11.188404083251953
2026-09-12T01:04:37.534Z,-11.188404083251953
2026-09-12T01:04:38.542Z,6.852504730224609
2026-09-12T01:04:38.545Z,6.852504730224609
2026-09-12T01:04:39.541Z,5.662586212158203
2026-09-12T01:04:39.542Z,5.662586212158203
2026-09-12T01:04:40.556Z,7.125443458557129
2026-09-12T01:04:40.557Z,7.125443458557129
2026-09-12T01:04:41.559Z,0.9097966551780701
2026-09-12T01:04:41.56Z,0.9097966551780701
2026-09-12T01:04:42.551Z,8.696040153503418
2026-09-12T01:04:42.554Z,8.696040153503418
2026-09-12T01:04:43.556Z,10.276212692260742
2026-09-12T01:04:43.56Z,10.276212692260742
2026-09-12T01:04:44.564Z,12.067075729370117
2026-09-12T01:04:44.566Z,12.067075729370117
2026-09-12T01:04:45.566Z,7.051223278045654
2026-09-12T01:04:45.569Z,7.051223278045654
2026-09-12T01:04:46.57Z,6.912359714508057
2026-09-12T01:04:46.573Z,6.912359714508057
2026-09-12T01:04:47.574Z,11.382333755493164
2026-09-12T01:04:48.581Z,8.389581680297852
2026-09-12T01:04:48.582Z,8.389581680297852
2026-09-12T01:04:49.589Z,23.545177459716797
2026-09-12T01:04:49.592Z,23.545177459716797
2026-09-12T01:04:50.592Z,5.72244119644165
2026-09-12T01:04:50.593Z,5.72244119644165
2026-09-12T01:04:51.599Z,0.9720458984375
2026-09-12T01:04:51.602Z,0.9720458984375
2026-09-12T01:04:52.606Z,11.032780647277832
2026-09-12T01:04:52.609Z,11.032780647277832
2026-09-12T01:04:53.603Z,10.314519882202148
2026-09-12T01:04:53.604Z,10.314519882202148
2026-09-12T01:04:54.612Z,-1.4867992401123047
2026-09-12T01:04:54.613Z,-1.4867992401123047
2026-09-12T01:04:55.61Z,8.849268913269043
2026-09-12T01:04:55.611Z,8.849268913269043
2026-09-12T01:04:56.618Z,8.933065414428711
2026-09-12T01:04:56.62Z,8.933065414428711
2026-09-12T01:04:57.62Z,11.770195007324219
2026-09-12T01:04:57.621Z,11.770195007324219
2026-09-12T01:04:58.621Z,8.19804573059082
2026-09-12T01:04:58.623Z,8.19804573059082
2026-09-12T01:04:59.63Z,3.1675288677215576
2026-09-12T01:05:00.631Z,8.80856704711914
2026-09-12T01:05:00.632Z,8.80856704711914
2026-09-12T01:05:01.639Z,14.3702974319458
2026-09-12T01:05:01.64Z,14.3702974319458
2026-09-12T01:05:02.643Z,5.657797813415527
2026-09-12T01:05:02.644Z,5.657797813415527
2026-09-12T01:05:03.65Z,-8.358457565307617
2026-09-12T01:05:03.651Z,-8.358457565307617
2026-09-12T01:05:04.652Z,8.207622528076172
2026-09-12T01:05:04.653Z,8.207622528076172
2026-09-12T01:05:05.66Z,-10.067917823791504
2026-09-12T01:05:05.661Z,-10.067917823791504
2026-09-12T01:05:06.669Z,10.036792755126953
2026-09-12T01:05:06.67Z,10.036792755126953
2026-09-12T01:05:07.67Z,3.909731388092041
2026-09-12T01:05:07.671Z,3.909731388092041
2026-09-12T01:05:08.678Z,8.46859073638916
2026-09-12T01:05:08.679Z,8.46859073638916
2026-09-12T01:05:09.681Z,-1.843535304069519
2026-09-12T01:05:09.682Z,-1.843535304069519
2026-09-12T01:05:10.689Z,11.4541597366333
2026-09-12T01:05:11.697Z,9.89314079284668
2026-09-12T01:05:11.699Z,9.89314079284668
2026-09-12T01:05:12.7Z,7.005733489990234
2026-09-12T01:05:12.702Z,7.005733489990234
2026-09-12T01:05:13.708Z,6.000168800354004
2026-09-12T01:05:13.709Z,6.000168800354004
2026-09-12T01:05:14.717Z,7.563582420349121
2026-09-12T01:05:14.718Z,7.563582420349121
2026-09-12T01:05:15.725Z,7.817368030548096
2026-09-12T01:05:15.726Z,7.817368030548096
2026-09-12T01:05:16.734Z,9.246706008911133
2026-09-12T01:05:16.735Z,9.246706008911133
2026-09-12T01:05:17.747Z,18.098369598388672
2026-09-12T01:05:17.748Z,18.098369598388672
2026-09-12T01:05:18.757Z,5.042488098144531
2026-09-12T01:05:18.76Z,5.042488098144531
2026-09-12T01:05:19.768Z,12.01919174194336
2026-09-12T01:05:19.769Z,12.01919174194336
2026-09-12T01:05:20.769Z,6.78546667098999
2026-09-12T01:05:20.77Z,6.78546667098999
2026-09-12T01:05:21.764Z,5.576395034790039
2026-09-12T01:05:21.767Z,5.576395034790039
2026-09-12T01:05:22.78Z,7.9753851890563965
2026-09-12T01:05:22.782Z,7.9753851890563965
2026-09-12T01:05:23.773Z,15.574880599975586
2026-09-12T01:05:23.776Z,15.574880599975586
2026-09-12T01:05:24.773Z,10.063129425048828
2026-09-12T01:05:24.775Z,10.063129425048828
2026-09-12T01:05:25.785Z,3.890577793121338
2026-09-12T01:05:25.787Z,3.890577793121338
2026-09-12T01:05:26.791Z,9.287407875061035
2026-09-12T01:05:26.792Z,9.287407875061035
2026-09-12T01:05:27.792Z,6.191704750061035
2026-09-12T01:05:27.793Z,6.191704750061035
2026-09-12T01:05:28.8Z,-10.403105735778809
2026-09-12T01:05:28.807Z,-10.403105735778809
2026-09-12T01:05:29.809Z,5.0784010887146
2026-09-12T01:05:29.811Z,5.0784010887146
2026-09-12T01:05:30.818Z,-3.2561142444610596
2026-09-12T01:05:30.819Z,-3.2561142444610596
2026-09-12T01:05:31.82Z,-9.718363761901855
2026-09-12T01:05:31.821Z,-9.718363761901855
2026-09-12T01:05:32.829Z,9.613018989562988
2026-09-12T01:05:32.83Z,9.613018989562988
2026-09-12T01:05:33.837Z,7.235576629638672
2026-09-12T01:05:33.839Z,7.235576629638672
2026-09-12T01:05:34.838Z,0.19632454216480255
2026-09-12T01:05:34.84Z,0.19632454216480255
2026-09-12T01:05:35.839Z,9.914688110351562
2026-09-12T01:05:35.84Z,9.914688110351562
2026-09-12T01:05:36.847Z,-2.2697031497955322
2026-09-12T01:05:36.848Z,-2.2697031497955322
2026-09-12T01:05:37.849Z,-7.008127689361572
2026-09-12T01:05:37.851Z,-7.008127689361572
2026-09-12T01:05:38.858Z,1.1420341730117798
2026-09-12T01:05:38.86Z,1.1420341730117798
2026-09-12T01:05:39.858Z,-8.882787704467773
2026-09-12T01:05:39.86Z,-8.882787704467773
2026-09-12T01:05:40.859Z,-7.269095420837402
2026-09-12T01:05:40.86Z,-7.269095420837402
2026-09-12T01:05:41.865Z,-10.80772590637207
2026-09-12T01:05:41.866Z,-10.80772590637207
2026-09-12T01:05:42.868Z,-9.806949615478516
2026-09-12T01:05:42.869Z,-9.806949615478516
2026-09-12T01:05:43.878Z,-9.890746116638184
2026-09-12T01:05:43.88Z,-9.890746116638184
2026-09-12T01:05:44.89Z,-9.83807373046875
2026-09-12T01:05:44.893Z,-9.83807373046875
2026-09-12T01:05:45.896Z,-10.01524543762207
2026-09-12T01:05:45.897Z,-10.01524543762207
2026-09-12T01:05:46.908Z,-9.65611457824707
2026-09-12T01:05:46.909Z,-9.65611457824707
2026-09-12T01:05:47.908Z,15.488689422607422
2026-09-12T01:05:47.909Z,15.488689422607422
2026-09-12T01:05:48.914Z,9.92665958404541
2026-09-12T01:05:48.915Z,9.92665958404541
2026-09-12T01:05:49.927Z,9.96017837524414
2026-09-12T01:05:49.928Z,9.96017837524414
2026-09-12T01:05:50.925Z,9.972148895263672
2026-09-12T01:05:50.929Z,9.972148895263672
2026-09-12T01:05:51.926Z,9.967360496520996
2026-09-12T01:05:51.93Z,9.967360496520996
2026-09-12T01:05:52.935Z,9.996091842651367
2026-09-12T01:05:52.936Z,9.996091842651367
2026-09-12T01:05:53.944Z,10.003273963928223
2026-09-12T01:05:53.945Z,10.003273963928223
2026-09-12T01:05:54.952Z,9.974543571472168
2026-09-12T01:05:55.953Z,9.974543571472168
2026-09-12T01:05:56.954Z,9.96017837524414
2026-09-12T01:05:56.955Z,9.96017837524414
2026-09-12T01:05:57.96Z,9.967360496520996
2026-09-12T01:05:57.961Z,9.967360496520996
2026-09-12T01:05:58.97Z,9.936236381530762
2026-09-12T01:05:58.971Z,9.936236381530762
2026-09-12T01:05:59.98Z,9.914688110351562
2026-09-12T01:05:59.981Z,9.914688110351562
2026-09-12T01:06:00.988Z,9.98412036895752
2026-09-12T01:06:01.999Z,9.969755172729492
2026-09-12T01:06:02.998Z,9.936236381530762
2026-09-12T01:06:02.999Z,9.936236381530762
2026-09-12T01:06:04.006Z,9.943418502807617
2026-09-12T01:06:04.007Z,9.943418502807617
2026-09-12T01:06:05.007Z,9.9865140914917
2026-09-12T01:06:05.008Z,9.9865140914917
2026-09-12T01:06:06.009Z,9.967360496520996
2026-09-12T01:06:06.011Z,9.967360496520996
2026-09-12T01:06:07.017Z,9.964966773986816
2026-09-12T01:06:07.019Z,9.964966773986816
2026-09-12T01:06:08.025Z,9.952995300292969
2026-09-12T01:06:08.026Z,9.952995300292969
2026-09-12T01:06:09.037Z,9.864410400390625
2026-09-12T01:06:09.039Z,9.864410400390625
2026-09-12T01:06:10.044Z,9.952995300292969
2026-09-12T01:06:11.058Z,9.92905330657959
2026-09-12T01:06:11.059Z,9.92905330657959
2026-09-12T01:06:12.057Z,9.919476509094238
2026-09-12T01:06:13.063Z,9.933841705322266
2026-09-12T01:06:13.064Z,9.933841705322266
2026-09-12T01:06:14.072Z,9.952995300292969
2026-09-12T01:06:14.073Z,9.952995300292969
2026-09-12T01:06:15.081Z,9.972148895263672
2026-09-12T01:06:15.082Z,9.972148895263672
2026-09-12T01:06:16.09Z,9.883563995361328
2026-09-12T01:06:16.093Z,9.883563995361328
2026-09-12T01:06:17.114Z,9.92665958404541
2026-09-12T01:06:18.108Z,10.03918743133545
2026-09-12T01:06:18.113Z,10.03918743133545
2026-09-12T01:06:19.118Z,9.98412036895752
2026-09-12T01:06:19.119Z,9.98412036895752
2026-09-12T01:06:20.129Z,9.96257209777832
2026-09-12T01:06:20.131Z,9.96257209777832
2026-09-12T01:06:21.133Z,9.941024780273438
2026-09-12T01:06:21.137Z,9.941024780273438
2026-09-12T01:06:22.132Z,9.979331970214844
2026-09-12T01:06:22.136Z,9.979331970214844
2026-09-12T01:06:23.137Z,9.981725692749023
2026-09-12T01:06:24.145Z,9.974543571472168
2026-09-12T01:06:24.147Z,9.974543571472168
2026-09-12T01:06:25.154Z,9.98412036895752
2026-09-12T01:06:25.155Z,9.98412036895752
2026-09-12T01:06:26.164Z,9.967360496520996
2026-09-12T01:06:27.173Z,9.96257209777832
2026-09-12T01:06:27.174Z,9.96257209777832
2026-09-12T01:06:28.174Z,9.952995300292969
2026-09-12T01:06:28.175Z,9.952995300292969
2026-09-12T01:06:29.182Z,9.96017837524414
2026-09-12T01:06:30.192Z,9.952995300292969
2026-09-12T01:06:30.193Z,9.952995300292969
2026-09-12T01:06:31.199Z,9.766247749328613
2026-09-12T01:06:31.201Z,9.766247749328613
2026-09-12T01:06:32.201Z,9.924264907836914
2026-09-12T01:06:32.202Z,9.924264907836914
2026-09-12T01:06:33.21Z,10.036792755126953
2026-09-12T01:06:33.211Z,10.036792755126953
2026-09-12T01:06:34.219Z,9.96017837524414
2026-09-12T01:06:34.221Z,9.96017837524414
2026-09-12T01:06:35.228Z,9.955389976501465
2026-09-12T01:06:35.23Z,9.955389976501465
2026-09-12T01:06:36.241Z,9.96257209777832
2026-09-12T01:06:36.244Z,9.96257209777832
2026-09-12T01:06:37.246Z,10.010457038879395
2026-09-12T01:06:37.248Z,10.010457038879395
2026-09-12T01:06:38.25Z,9.941024780273438
2026-09-12T01:06:38.252Z,9.941024780273438
2026-09-12T01:06:39.255Z,9.974543571472168
2026-09-12T01:06:39.257Z,9.974543571472168
2026-09-12T01:06:40.269Z,9.969755172729492
2026-09-12T01:06:40.271Z,9.969755172729492
2026-09-12T01:06:41.266Z,9.96257209777832
2026-09-12T01:06:41.269Z,9.96257209777832
2026-09-12T01:06:42.275Z,9.964966773986816
2026-09-12T01:06:42.278Z,9.964966773986816
2026-09-12T01:06:43.276Z,9.974543571472168
2026-09-12T01:06:43.278Z,9.974543571472168
2026-09-12T01:06:44.285Z,10.154109001159668
2026-09-12T01:06:44.286Z,10.154109001159668
2026-09-12T01:06:45.286Z,9.96017837524414
2026-09-12T01:06:45.288Z,9.96017837524414
2026-09-12T01:06:46.287Z,9.883563995361328
2026-09-12T01:06:46.289Z,9.883563995361328
2026-09-12T01:06:47.295Z,9.952995300292969
2026-09-12T01:06:47.297Z,9.952995300292969
2026-09-12T01:06:48.298Z,9.952995300292969
2026-09-12T01:06:48.3Z,9.952995300292969
2026-09-12T01:06:49.298Z,9.976937294006348
2026-09-12T01:06:49.3Z,9.976937294006348
2026-09-12T01:06:50.31Z,9.931447982788086
2026-09-12T01:06:50.312Z,9.931447982788086
2026-09-12T01:06:51.308Z,9.902717590332031
2026-09-12T01:06:51.31Z,9.902717590332031
2026-09-12T01:06:52.309Z,9.924264907836914
2026-09-12T01:06:52.311Z,9.924264907836914
2026-09-12T01:06:53.318Z,9.941024780273438
2026-09-12T01:06:53.32Z,9.941024780273438
2026-09-12T01:06:54.319Z,9.957783699035645
2026-09-12T01:06:54.321Z,9.957783699035645
2026-09-12T01:06:55.331Z,9.941024780273438
2026-09-12T01:06:55.333Z,9.941024780273438
2026-09-12T01:06:56.33Z,9.941024780273438
2026-09-12T01:06:56.331Z,9.941024780273438
2026-09-12T01:06:57.344Z,9.941024780273438
2026-09-12T01:06:57.347Z,9.941024780273438
2026-09-12T01:06:58.341Z,9.957783699035645
2026-09-12T01:06:58.345Z,9.957783699035645
2026-09-12T01:06:59.34Z,10.0487642288208
2026-09-12T01:06:59.342Z,10.0487642288208
2026-09-12T01:07:00.35Z,9.98412036895752
2026-09-12T01:07:00.351Z,9.98412036895752
2026-09-12T01:07:01.351Z,9.96017837524414
2026-09-12T01:07:01.352Z,9.96017837524414
2026-09-12T01:07:02.361Z,9.979331970214844
2026-09-12T01:07:02.366Z,9.979331970214844
2026-09-12T01:07:03.362Z,9.996091842651367
2026-09-12T01:07:03.363Z,9.996091842651367
2026-09-12T01:07:04.368Z,10.029610633850098
2026-09-12T01:07:04.369Z,10.029610633850098
2026-09-12T01:07:05.371Z,9.96017837524414
2026-09-12T01:07:05.372Z,9.96017837524414
2026-09-12T01:07:06.379Z,9.979331970214844
2026-09-12T01:07:06.38Z,9.979331970214844
2026-09-12T01:07:07.38Z,9.96257209777832
2026-09-12T01:07:07.386Z,9.96257209777832
2026-09-12T01:07:08.384Z,9.957783699035645
2026-09-12T01:07:08.385Z,9.957783699035645
2026-09-12T01:07:09.393Z,9.950601577758789
2026-09-12T01:07:09.394Z,9.950601577758789
2026-09-12T01:07:10.392Z,9.943418502807617
2026-09-12T01:07:10.393Z,9.943418502807617
2026-09-12T01:07:11.392Z,9.931447982788086
2026-09-12T01:07:11.394Z,9.931447982788086
2026-09-12T01:07:12.393Z,9.945813179016113
2026-09-12T01:07:13.402Z,9.943418502807617
2026-09-12T01:07:14.404Z,9.936236381530762
2026-09-12T01:07:14.405Z,9.936236381530762
2026-09-12T01:07:15.405Z,9.921871185302734
2026-09-12T01:07:15.406Z,9.921871185302734
2026-09-12T01:07:16.413Z,9.943418502807617
2026-09-12T01:07:16.414Z,9.943418502807617
2026-09-12T01:07:17.424Z,10.10622501373291
2026-09-12T01:07:17.425Z,10.10622501373291
2026-09-12T01:07:18.429Z,9.957783699035645
2026-09-12T01:07:19.436Z,9.981725692749023
2026-09-12T01:07:19.437Z,9.981725692749023
2026-09-12T01:07:20.437Z,9.998485565185547
2026-09-12T01:07:20.438Z,9.998485565185547
2026-09-12T01:07:21.441Z,9.981725692749023
2026-09-12T01:07:21.442Z,9.981725692749023
2026-09-12T01:07:22.447Z,9.972148895263672
2026-09-12T01:07:22.45Z,9.972148895263672
2026-09-12T01:07:23.445Z,9.969755172729492
2026-09-12T01:07:23.446Z,9.969755172729492
2026-09-12T01:07:24.448Z,9.952995300292969
2026-09-12T01:07:24.449Z,9.952995300292969
2026-09-12T01:07:25.454Z,9.967360496520996
2026-09-12T01:07:25.455Z,9.967360496520996
2026-09-12T01:07:26.456Z,9.96017837524414
2026-09-12T01:07:26.459Z,9.96017837524414
2026-09-12T01:07:27.458Z,9.974543571472168
2026-09-12T01:07:27.459Z,9.974543571472168
2026-09-12T01:07:28.466Z,9.967360496520996
2026-09-12T01:07:28.467Z,9.967360496520996
2026-09-12T01:07:29.471Z,9.967360496520996
2026-09-12T01:07:29.475Z,9.967360496520996
2026-09-12T01:07:30.467Z,9.972148895263672
2026-09-12T01:07:30.469Z,9.972148895263672
2026-09-12T01:07:31.47Z,9.976937294006348
2026-09-12T01:07:32.472Z,9.96257209777832
2026-09-12T01:07:32.473Z,9.96257209777832
2026-09-12T01:07:33.482Z,9.981725692749023
2026-09-12T01:07:33.486Z,9.981725692749023
2026-09-12T01:07:34.48Z,9.972148895263672
2026-09-12T01:07:34.481Z,9.972148895263672
2026-09-12T01:07:35.481Z,9.996091842651367
2026-09-12T01:07:36.482Z,9.969755172729492
2026-09-12T01:07:37.482Z,9.957783699035645
2026-09-12T01:07:37.485Z,9.957783699035645
2026-09-12T01:07:38.485Z,9.957783699035645
2026-09-12T01:07:38.486Z,9.957783699035645
2026-09-12T01:07:39.486Z,9.957783699035645
2026-09-12T01:07:39.487Z,9.957783699035645
2026-09-12T01:07:40.486Z,9.955389976501465
2026-09-12T01:07:41.486Z,9.955389976501465
2026-09-12T01:07:41.487Z,9.955389976501465
2026-09-12T01:07:42.488Z,9.952995300292969
2026-09-12T01:07:42.489Z,9.952995300292969
2026-09-12T01:07:43.489Z,9.931447982788086
2026-09-12T01:07:44.497Z,9.914688110351562
2026-09-12T01:07:44.498Z,9.914688110351562
2026-09-12T01:07:45.499Z,9.948206901550293
2026-09-12T01:07:45.5Z,9.948206901550293
2026-09-12T01:07:46.499Z,9.919476509094238
2026-09-12T01:07:46.5Z,9.919476509094238
2026-09-12T01:07:47.502Z,9.996091842651367
2026-09-12T01:07:47.503Z,9.996091842651367
2026-09-12T01:07:48.505Z,10.589853286743164
2026-09-12T01:07:48.509Z,10.589853286743164
2026-09-12T01:07:49.51Z,9.952995300292969
2026-09-12T01:07:49.511Z,9.952995300292969
2026-09-12T01:07:50.516Z,9.967360496520996
2026-09-12T01:07:50.517Z,9.967360496520996
2026-09-12T01:07:51.519Z,9.96017837524414
2026-09-12T01:07:51.522Z,9.96017837524414
2026-09-12T01:07:52.517Z,9.998485565185547
2026-09-12T01:07:52.52Z,9.998485565185547
2026-09-12T01:07:53.515Z,9.98412036895752
2026-09-12T01:07:53.517Z,9.98412036895752
2026-09-12T01:07:54.518Z,9.976937294006348
2026-09-12T01:07:54.521Z,9.976937294006348
2026-09-12T01:07:55.525Z,9.991303443908691
2026-09-12T01:07:55.529Z,9.991303443908691
2026-09-12T01:07:56.526Z,9.969755172729492
2026-09-12T01:07:56.528Z,9.969755172729492
2026-09-12T01:07:57.533Z,9.9865140914917
2026-09-12T01:07:57.535Z,9.9865140914917
2026-09-12T01:07:58.531Z,9.972148895263672
2026-09-12T01:07:58.533Z,9.972148895263672
2026-09-12T01:07:59.53Z,9.9865140914917
2026-09-12T01:07:59.534Z,9.9865140914917
2026-09-12T01:08:00.53Z,9.979331970214844
2026-09-12T01:08:00.533Z,9.979331970214844
2026-09-12T01:08:01.531Z,9.988908767700195
2026-09-12T01:08:01.532Z,9.988908767700195
2026-09-12T01:08:02.54Z,9.976937294006348
2026-09-12T01:08:02.541Z,9.976937294006348
2026-09-12T01:08:03.541Z,9.964966773986816
2026-09-12T01:08:03.544Z,9.964966773986816
2026-09-12T01:08:04.541Z,9.981725692749023
2026-09-12T01:08:04.542Z,9.981725692749023
2026-09-12T01:08:05.542Z,9.988908767700195
2026-09-12T01:08:05.543Z,9.988908767700195
2026-09-12T01:08:06.543Z,9.981725692749023
2026-09-12T01:08:06.544Z,9.981725692749023
2026-09-12T01:08:07.544Z,9.969755172729492
2026-09-12T01:08:07.545Z,9.969755172729492
2026-09-12T01:08:08.545Z,9.976937294006348
2026-09-12T01:08:08.546Z,9.976937294006348
2026-09-12T01:08:09.549Z,9.967360496520996
2026-09-12T01:08:10.548Z,9.950601577758789
2026-09-12T01:08:11.548Z,9.96257209777832
2026-09-12T01:08:11.55Z,9.96257209777832
2026-09-12T01:08:12.55Z,9.945813179016113
2026-09-12T01:08:12.551Z,9.945813179016113
2026-09-12T01:08:13.55Z,9.943418502807617
2026-09-12T01:08:13.551Z,9.943418502807617
2026-09-12T01:08:14.558Z,9.955389976501465
2026-09-12T01:08:14.56Z,9.955389976501465
2026-09-12T01:08:15.552Z,9.921871185302734
2026-09-12T01:08:15.554Z,9.921871185302734
2026-09-12T01:08:16.553Z,9.945813179016113
2026-09-12T01:08:16.555Z,9.945813179016113
2026-09-12T01:08:17.56Z,9.957783699035645
2026-09-12T01:08:17.563Z,9.957783699035645
2026-09-12T01:08:18.562Z,9.957783699035645
2026-09-12T01:08:18.564Z,9.957783699035645
2026-09-12T01:08:19.571Z,9.96257209777832
2026-09-12T01:08:19.573Z,9.96257209777832
2026-09-12T01:08:20.559Z,9.957783699035645
2026-09-12T01:08:20.56Z,9.957783699035645
2026-09-12T01:08:21.561Z,9.964966773986816
2026-09-12T01:08:21.562Z,9.964966773986816
2026-09-12T01:08:22.565Z,8.530839920043945
2026-09-12T01:08:22.566Z,8.530839920043945
2026-09-12T01:08:23.561Z,1.0893617868423462
2026-09-12T01:08:23.562Z,1.0893617868423462
2026-09-12T01:08:24.562Z,-4.759673118591309
2026-09-12T01:08:24.563Z,-4.759673118591309
2026-09-12T01:08:25.564Z,9.696816444396973
2026-09-12T01:08:25.565Z,9.696816444396973
2026-09-12T01:08:26.565Z,2.0853497982025146
2026-09-12T01:08:26.566Z,2.0853497982025146
2026-09-12T01:08:27.571Z,5.174169063568115
2026-09-12T01:08:27.575Z,5.174169063568115
2026-09-12T01:08:28.57Z,4.467580318450928
2026-09-12T01:08:28.571Z,4.467580318450928
2026-09-12T01:08:29.612Z,4.441244125366211
2026-09-12T01:08:29.613Z,4.441244125366211
2026-09-12T01:08:30.575Z,8.09509563446045
2026-09-12T01:08:30.576Z,8.09509563446045
2026-09-12T01:08:31.587Z,4.479551315307617
2026-09-12T01:08:31.588Z,4.479551315307617
2026-09-12T01:08:32.586Z,4.309563159942627
2026-09-12T01:08:32.587Z,4.309563159942627
2026-09-12T01:08:33.598Z,3.584120035171509
2026-09-12T01:08:33.599Z,3.584120035171509
2026-09-12T01:08:34.617Z,4.436455726623535
2026-09-12T01:08:34.618Z,4.436455726623535
2026-09-12T01:08:35.606Z,2.121262788772583
2026-09-12T01:08:35.608Z,2.121262788772583
2026-09-12T01:08:36.617Z,4.7620673179626465
2026-09-12T01:08:36.618Z,4.7620673179626465
2026-09-12T01:08:37.618Z,4.055777549743652
2026-09-12T01:08:37.619Z,4.055777549743652
2026-09-12T01:08:38.64Z,5.32739782333374
2026-09-12T01:08:38.642Z,5.32739782333374
2026-09-12T01:08:39.637Z,4.438849925994873
2026-09-12T01:08:39.639Z,4.438849925994873
2026-09-12T01:08:40.634Z,4.252102375030518
2026-09-12T01:08:40.635Z,4.252102375030518
2026-09-12T01:08:41.635Z,2.011129379272461
2026-09-12T01:08:41.636Z,2.011129379272461
2026-09-12T01:08:42.645Z,3.6391866207122803
2026-09-12T01:08:42.646Z,3.6391866207122803
2026-09-12T01:08:43.645Z,4.570530891418457
2026-09-12T01:08:43.647Z,4.570530891418457
2026-09-12T01:08:44.645Z,3.603273630142212
2026-09-12T01:08:44.646Z,3.603273630142212
2026-09-12T01:08:45.645Z,3.907337188720703
2026-09-12T01:08:45.647Z,3.907337188720703
2026-09-12T01:08:46.648Z,3.9049429893493652
2026-09-12T01:08:46.649Z,3.9049429893493652
2026-09-12T01:08:47.647Z,3.2417490482330322
2026-09-12T01:08:47.648Z,3.2417490482330322
2026-09-12T01:08:48.651Z,3.4404678344726562
2026-09-12T01:08:48.652Z,3.4404678344726562
2026-09-12T01:08:49.666Z,3.5386300086975098
2026-09-12T01:08:49.668Z,3.5386300086975098
2026-09-12T01:08:50.668Z,3.9432501792907715
2026-09-12T01:08:50.67Z,3.9432501792907715
2026-09-12T01:08:51.669Z,5.641038417816162
2026-09-12T01:08:51.67Z,5.641038417816162
2026-09-12T01:08:52.668Z,3.974374771118164
2026-09-12T01:08:52.669Z,3.974374771118164
2026-09-12T01:08:53.67Z,3.471592426300049
2026-09-12T01:08:53.673Z,3.471592426300049
2026-09-12T01:08:54.707Z,3.318363666534424
2026-09-12T01:08:55.78Z,1.922544002532959
2026-09-12T01:08:55.781Z,1.922544002532959
2026-09-12T01:08:56.675Z,-0.8882488012313843
2026-09-12T01:08:57.677Z,9.919476509094238
2026-09-12T01:08:57.678Z,9.919476509094238
2026-09-12T01:08:58.677Z,4.788403511047363
2026-09-12T01:08:58.679Z,4.788403511047363
2026-09-12T01:08:59.72Z,9.806949615478516
2026-09-12T01:09:00.679Z,9.938630104064941
2026-09-12T01:09:01.681Z,9.931447982788086
2026-09-12T01:09:02.681Z,9.92905330657959
2026-09-12T01:09:03.682Z,9.914688110351562
2026-09-12T01:09:03.683Z,9.914688110351562
2026-09-12T01:09:04.684Z,9.909899711608887
2026-09-12T01:09:04.685Z,9.909899711608887
2026-09-12T01:09:05.686Z,9.907505989074707
2026-09-12T01:09:05.687Z,9.907505989074707
2026-09-12T01:09:06.685Z,9.924264907836914
2026-09-12T01:09:06.687Z,9.924264907836914
2026-09-12T01:09:07.687Z,9.921871185302734
2026-09-12T01:09:07.688Z,9.921871185302734
2026-09-12T01:09:08.688Z,9.914688110351562
2026-09-12T01:09:08.69Z,9.914688110351562
2026-09-12T01:09:09.688Z,9.92905330657959
2026-09-12T01:09:09.689Z,9.92905330657959
2026-09-12T01:09:10.689Z,9.921871185302734
2026-09-12T01:09:10.69Z,9.921871185302734
2026-09-12T01:09:11.691Z,9.92665958404541
2026-09-12T01:09:11.692Z,9.92665958404541
2026-09-12T01:09:12.693Z,9.924264907836914
2026-09-12T01:09:13.692Z,9.936236381530762
2026-09-12T01:09:13.693Z,9.936236381530762
2026-09-12T01:09:14.693Z,9.931447982788086
2026-09-12T01:09:14.694Z,9.931447982788086
2026-09-12T01:09:15.702Z,9.92905330657959
2026-09-12T01:09:15.703Z,9.92905330657959
2026-09-12T01:09:16.705Z,9.957783699035645
2026-09-12T01:09:17.709Z,9.938630104064941
2026-09-12T01:09:17.711Z,9.938630104064941
2026-09-12T01:09:18.708Z,9.976937294006348
2026-09-12T01:09:18.709Z,9.976937294006348
2026-09-12T01:09:19.715Z,9.933841705322266
2026-09-12T01:09:19.716Z,9.933841705322266
2026-09-12T01:09:20.73Z,9.945813179016113
2026-09-12T01:09:20.734Z,9.945813179016113
2026-09-12T01:09:21.731Z,9.969755172729492
2026-09-12T01:09:21.735Z,9.969755172729492
2026-09-12T01:09:22.723Z,9.936236381530762
